,rusher_player_name,play_type,week,posteam,rushing_yards,first_down_rush,first_down_pass,first_down_penalty,third_down_converted,third_down_failed,fourth_down_converted,fourth_down_failed,incomplete_pass,interception,fumble_forced,fumble_not_forced,fumble_out_of_bounds,solo_tackle,safety,penalty,tackled_for_loss,fumble_lost,qb_hit,rush_attempt,pass_attempt,sack,touchdown,pass_touchdown,rush_touchdown,return_touchdown,fumble,complete_pass,assist_tackle,lateral_reception,lateral_rush,lateral_return,lateral_recovery,penalty_yards,aborted_play,success,first_down,out_of_bounds,no_score_prob,opp_fg_prob,opp_safety_prob,opp_td_prob,fg_prob,safety_prob,td_prob,extra_point_prob,two_point_conversion_prob,ep,epa,total_home_epa,total_away_epa,total_home_rush_epa,total_away_rush_epa,total_home_pass_epa,total_away_pass_epa,air_epa,yac_epa,comp_air_epa,comp_yac_epa,total_home_comp_air_epa,total_away_comp_air_epa,total_home_comp_yac_epa,total_away_comp_yac_epa,total_home_raw_air_epa,total_away_raw_air_epa,total_home_raw_yac_epa,total_away_raw_yac_epa,wp,def_wp,home_wp,away_wp,wpa,home_wp_post,away_wp_post,total_home_rush_wpa,total_away_rush_wpa,total_home_pass_wpa,total_away_pass_wpa,air_wpa,yac_wpa,comp_air_wpa,comp_yac_wpa,total_home_comp_air_wpa,total_away_comp_air_wpa,total_home_comp_yac_wpa,total_away_comp_yac_wpa,total_home_raw_air_wpa,total_away_raw_air_wpa,total_home_raw_yac_wpa,total_away_raw_yac_wpa,cp,cpoe,qb_epa,xyac_epa,xyac_mean_yardage,xyac_median_yardage,xyac_success,xyac_fd,xpass,ydstogo
0,B.Huard,run,4,IND,0.0,0.0,0.0,0.0,0.0,0.0,0.0,0.0,0.0,0.0,0.0,1.0,0.0,1.0,0.0,0.0,0.0,0.0,0.0,1.0,0.0,0.0,0.0,0.0,0.0,0.0,1.0,0.0,0.0,0.0,0.0,0.0,1.0,0.0,1.0,0.0,0.0,0.0,0.15231597,0.08282067,0.0020016276,0.15926768,0.2572057,0.0035973554,0.342791,0.0,0.0,1.8110098,-1.0619528,-43.701946,43.701946,4.6077323,-4.6077323,-43.43358,43.43358,0.0,0.0,0.0,0.0,0.0,0.0,0.0,0.0,0.0,0.0,0.0,0.0,0.99969184,0.000308156,0.000308156,0.99969184,-4.6133995e-05,0.00035429,0.9996457,-0.07615016,0.07615016,-0.509962,0.509962,0.0,0.0,0.0,0.0,0.0,0.0,0.0,0.0,0.0,0.0,0.0,0.0,0.0,0.0,-1.0619528,0.0,0.0,0.0,0.0,0.0,0.0,11.0
1,B.Huard,run,15,IND,9.0,0.0,0.0,0.0,0.0,1.0,0.0,0.0,0.0,0.0,0.0,0.0,0.0,0.0,0.0,0.0,0.0,0.0,0.0,1.0,0.0,0.0,0.0,0.0,0.0,0.0,0.0,0.0,1.0,0.0,0.0,0.0,0.0,0.0,0.0,1.0,0.0,0.0,0.1282521,0.10783366,0.001386293,0.18689822,0.26369956,0.008281914,0.3036482,0.0,0.0,1.2986388,0.20905939,32.003418,-32.003418,-6.6229386,6.6229386,41.3374,-41.3374,0.0,0.0,0.0,0.0,0.0,0.0,0.0,0.0,0.0,0.0,0.0,0.0,0.99976295,0.00023704767,0.99976295,0.00023704767,-9.7453594e-05,0.9996655,0.00033450127,-0.055010557,0.055010557,0.5013533,-0.5013533,0.0,0.0,0.0,0.0,0.0,0.0,0.0,0.0,0.0,0.0,0.0,0.0,0.0,0.0,0.20905939,0.0,0.0,0.0,0.0,0.0,0.0,12.0
2,D. Rhodes,run,19,IND,18.0,1.0,0.0,0.0,0.0,1.0,0.0,1.0,0.0,0.0,0.0,0.0,0.0,5.0,0.0,0.0,1.0,0.0,0.0,5.0,0.0,0.0,0.0,0.0,0.0,0.0,0.0,0.0,0.0,0.0,0.0,0.0,0.0,0.0,0.0,2.0,1.0,0.0,0.36603808,0.040049426,0.00079962984,0.058251888,0.30744392,0.0016408081,0.22577627,0.0,0.0,1.9765365,-0.19796208,-11.402901,11.402901,-1.3336045,1.3336045,-9.018164,9.018164,0.0,0.0,0.0,0.0,0.0,0.0,0.0,0.0,0.0,0.0,0.0,0.0,0.8786761,0.12132387,0.12132387,0.8786761,-0.004668191,0.12599206,0.874008,-0.1639837,0.1639837,-0.20709553,0.20709553,0.0,0.0,0.0,0.0,0.0,0.0,0.0,0.0,0.0,0.0,0.0,0.0,0.0,0.0,-0.19796208,0.0,0.0,0.0,0.0,0.0,0.0,6.4
3,D. Rhodes,run,20,IND,16.0,1.0,0.0,0.0,0.0,0.0,0.0,0.0,0.0,0.0,0.0,0.0,0.0,0.0,0.0,0.0,0.0,0.0,0.0,3.0,0.0,0.0,0.0,0.0,0.0,0.0,0.0,0.0,3.0,0.0,0.0,0.0,0.0,0.0,0.0,1.0,1.0,0.0,0.025777698,0.037479613,0.00074802735,0.065897964,0.38168105,0.0010175562,0.48739812,0.0,0.0,3.9836445,0.10114428,6.5054,-6.5054,-5.5807776,5.5807776,11.696406,-11.696406,0.0,0.0,0.0,0.0,0.0,0.0,0.0,0.0,0.0,0.0,0.0,0.0,0.19491513,0.8050849,0.8050849,0.19491513,-0.0030932028,0.808178,0.19182193,-0.028407117,0.028407117,0.29393533,-0.29393533,0.0,0.0,0.0,0.0,0.0,0.0,0.0,0.0,0.0,0.0,0.0,0.0,0.0,0.0,0.10114428,0.0,0.0,0.0,0.0,0.0,0.0,10.0
4,D.Rhodes,run,4,IND,36.0,2.0,0.0,0.0,2.0,0.0,0.0,0.0,0.0,0.0,0.0,0.0,0.0,2.0,0.0,1.0,0.0,0.0,0.0,6.0,0.0,0.0,0.0,0.0,0.0,0.0,0.0,0.0,4.0,0.0,0.0,0.0,0.0,10.0,0.0,3.0,2.0,0.0,0.11765877,0.0735231,0.00197334,0.13078597,0.28863356,0.0022690403,0.38515624,0.0,0.0,2.4265144,0.21410519,-34.379223,34.379223,1.9316088,-1.9316088,-34.30299,34.30299,0.0,0.0,0.0,0.0,0.0,0.0,0.0,0.0,0.0,0.0,0.0,0.0,0.9845765,0.015423417,0.015423417,0.9845765,0.0004348258,0.014988591,0.9850114,-0.07373051,0.07373051,-0.49603257,0.49603257,0.0,0.0,0.0,0.0,0.0,0.0,0.0,0.0,0.0,0.0,0.0,0.0,0.0,0.0,0.21410519,0.0,0.0,0.0,0.0,0.0,0.0,6.8333335
5,D.Rhodes,run,5,IND,-2.0,0.0,0.0,0.0,0.0,0.0,0.0,0.0,0.0,0.0,0.0,0.0,0.0,2.0,0.0,0.0,1.0,0.0,0.0,3.0,0.0,0.0,0.0,0.0,0.0,0.0,0.0,0.0,1.0,0.0,0.0,0.0,0.0,0.0,0.0,0.0,0.0,0.0,0.15618949,0.12199547,0.003991168,0.19410487,0.19165449,0.0021695702,0.32989493,0.0,0.0,1.1558644,-0.6290653,19.985048,-19.985048,0.8625615,-0.8625615,18.56394,-18.56394,0.0,0.0,0.0,0.0,0.0,0.0,0.0,0.0,0.0,0.0,0.0,0.0,0.05739069,0.9426093,0.9426093,0.05739069,-0.004594696,0.94720405,0.052795995,0.008554564,-0.008554564,0.3156436,-0.3156436,0.0,0.0,0.0,0.0,0.0,0.0,0.0,0.0,0.0,0.0,0.0,0.0,0.0,0.0,-0.6290653,0.0,0.0,0.0,0.0,0.0,0.0,10.0
6,D.Rhodes,run,8,IND,14.0,1.0,0.0,0.0,1.0,0.0,0.0,0.0,0.0,0.0,0.0,0.0,0.0,1.0,0.0,0.0,0.0,0.0,0.0,2.0,0.0,0.0,0.0,0.0,0.0,0.0,0.0,0.0,1.0,0.0,0.0,0.0,0.0,0.0,0.0,1.0,1.0,1.0,0.05016917,0.020744182,0.00052368216,0.032664817,0.43510222,0.0015304333,0.45926553,0.0,0.0,4.2312927,0.6053789,7.8041043,-7.8041043,-3.1103387,3.1103387,13.45785,-13.45785,0.0,0.0,0.0,0.0,0.0,0.0,0.0,0.0,0.0,0.0,0.0,0.0,0.9160787,0.08392131,0.9160787,0.08392131,0.011363596,0.9274423,0.07255772,-0.0044956924,0.0044956924,0.45909262,-0.45909262,0.0,0.0,0.0,0.0,0.0,0.0,0.0,0.0,0.0,0.0,0.0,0.0,0.0,0.0,0.6053789,0.0,0.0,0.0,0.0,0.0,0.0,7.5
7,D.Rhodes,run,9,IND,22.0,1.0,0.0,0.0,0.0,0.0,0.0,0.0,0.0,0.0,0.0,0.0,0.0,4.0,0.0,0.0,0.0,0.0,0.0,5.0,0.0,0.0,0.0,0.0,0.0,0.0,0.0,0.0,1.0,0.0,0.0,0.0,0.0,0.0,0.0,1.0,1.0,0.0,0.07977453,0.020591784,0.00052849983,0.03825097,0.4088562,0.00095106324,0.45104694,0.0,0.0,4.05521,0.02839629,-8.437183,8.437183,4.360442,-4.360442,-12.12585,12.12585,0.0,0.0,0.0,0.0,0.0,0.0,0.0,0.0,0.0,0.0,0.0,0.0,0.71422887,0.28577113,0.28577113,0.71422887,0.00024136304,0.28552976,0.71447027,0.02242185,-0.02242185,-0.38342673,0.38342673,0.0,0.0,0.0,0.0,0.0,0.0,0.0,0.0,0.0,0.0,0.0,0.0,0.0,0.0,0.02839629,0.0,0.0,0.0,0.0,0.0,0.0,12.4
8,D.Rhodes,run,11,IND,0.0,0.0,0.0,0.0,0.0,1.0,0.0,0.0,0.0,0.0,0.0,0.0,0.0,1.0,0.0,0.0,0.0,0.0,0.0,1.0,0.0,0.0,0.0,0.0,0.0,0.0,0.0,0.0,0.0,0.0,0.0,0.0,0.0,0.0,0.0,0.0,0.0,0.0,0.19364703,0.06266569,0.00089725014,0.102185234,0.24020037,0.005138707,0.3952657,0.0,0.0,2.5926502,-1.6044916,3.2483265,-3.2483265,3.3976614,-3.3976614,5.9666543,-5.9666543,0.0,0.0,0.0,0.0,0.0,0.0,0.0,0.0,0.0,0.0,0.0,0.0,0.92757815,0.07242185,0.92757815,0.07242185,-0.032419503,0.89515865,0.10484135,0.10809372,-0.10809372,0.17780176,-0.17780176,0.0,0.0,0.0,0.0,0.0,0.0,0.0,0.0,0.0,0.0,0.0,0.0,0.0,0.0,-1.6044916,0.0,0.0,0.0,0.0,0.0,0.0,2.0
9,D.Rhodes,run,12,IND,0.0,0.0,0.0,0.0,0.0,0.0,0.0,0.0,0.0,0.0,0.0,0.0,0.0,0.0,0.0,0.0,0.0,0.0,0.0,1.0,0.0,0.0,0.0,0.0,0.0,0.0,0.0,0.0,0.0,0.0,0.0,0.0,0.0,0.0,0.0,0.0,0.0,0.0,0.0,0.0,0.0,0.0,0.0,0.0,0.0,0.0,0.4735,0.947,-0.947,4.593065,-4.593065,11.673413,-11.673413,-7.394607,7.394607,0.0,0.0,0.0,0.0,0.0,0.0,0.0,0.0,0.0,0.0,0.0,0.0,0.23343186,0.7665681,0.7665681,0.23343186,-0.015007838,0.781576,0.21842402,0.5025824,-0.5025824,-0.1435154,0.1435154,0.0,0.0,0.0,0.0,0.0,0.0,0.0,0.0,0.0,0.0,0.0,0.0,0.0,0.0,-0.947,0.0,0.0,0.0,0.0,0.0,0.0,0.0
10,D.Rhodes,run,13,IND,9.0,0.0,0.0,0.0,0.0,0.0,0.0,0.0,0.0,0.0,0.0,0.0,0.0,1.0,0.0,0.0,0.0,0.0,0.0,2.0,0.0,0.0,0.0,0.0,0.0,0.0,0.0,0.0,1.0,0.0,0.0,0.0,0.0,0.0,0.0,1.0,0.0,0.0,0.2975448,0.0125648575,0.00028408406,0.017894618,0.26982996,0.0014873728,0.40039426,0.0,0.0,3.4516993,0.16695446,-8.455476,8.455476,-0.7548006,0.7548006,-6.331315,6.331315,0.0,0.0,0.0,0.0,0.0,0.0,0.0,0.0,0.0,0.0,0.0,0.0,0.34259143,0.6574086,0.34259143,0.6574086,0.051360883,0.3939523,0.6060477,0.07882465,-0.07882465,-0.19055176,0.19055176,0.0,0.0,0.0,0.0,0.0,0.0,0.0,0.0,0.0,0.0,0.0,0.0,0.0,0.0,0.16695446,0.0,0.0,0.0,0.0,0.0,0.0,9.0
11,D.Rhodes,run,14,IND,2.0,0.0,0.0,0.0,0.0,0.0,0.0,0.0,0.0,0.0,0.0,0.0,0.0,1.0,0.0,0.0,0.0,0.0,0.0,1.0,0.0,0.0,0.0,0.0,0.0,0.0,0.0,0.0,0.0,0.0,0.0,0.0,0.0,0.0,0.0,0.0,0.0,0.0,0.08733054,0.10644772,0.00182699,0.16418734,0.2671505,0.0022426897,0.37081417,0.0,0.0,1.9293275,-0.63980645,3.919243,-3.919243,4.878187,-4.878187,-0.4402795,0.4402795,0.0,0.0,0.0,0.0,0.0,0.0,0.0,0.0,0.0,0.0,0.0,0.0,0.31696063,0.68303937,0.68303937,0.31696063,-0.026374549,0.7094139,0.29058608,0.15223019,-0.15223019,-0.00899446,0.00899446,0.0,0.0,0.0,0.0,0.0,0.0,0.0,0.0,0.0,0.0,0.0,0.0,0.0,0.0,-0.63980645,0.0,0.0,0.0,0.0,0.0,0.0,10.0
12,D.Rhodes,run,15,IND,45.0,1.0,0.0,0.0,0.0,1.0,0.0,0.0,0.0,0.0,0.0,0.0,0.0,6.0,0.0,0.0,0.0,0.0,0.0,9.0,0.0,0.0,0.0,0.0,0.0,0.0,0.0,0.0,3.0,0.0,0.0,0.0,0.0,0.0,0.0,1.0,1.0,0.0,0.24190038,0.08380303,0.001801967,0.11829872,0.21648024,0.00292191,0.33479372,0.0,0.0,1.9157367,-0.1507299,29.06363,-29.06363,-5.8068295,5.8068295,39.004684,-39.004684,0.0,0.0,0.0,0.0,0.0,0.0,0.0,0.0,0.0,0.0,0.0,0.0,0.988616,0.011384057,0.988616,0.011384057,-0.00049573847,0.9881202,0.011879795,-0.057559498,0.057559498,0.4945221,-0.4945221,0.0,0.0,0.0,0.0,0.0,0.0,0.0,0.0,0.0,0.0,0.0,0.0,0.0,0.0,-0.1507299,0.0,0.0,0.0,0.0,0.0,0.0,8.555555
13,D.Rhodes,run,17,IND,31.0,1.0,0.0,0.0,0.0,0.0,0.0,0.0,0.0,0.0,0.0,0.0,0.0,4.0,0.0,0.0,0.0,0.0,0.0,8.0,0.0,0.0,0.0,0.0,0.0,0.0,0.0,0.0,4.0,0.0,0.0,0.0,0.0,0.0,0.0,4.0,1.0,1.0,0.13613707,0.049956556,0.00094968174,0.08179894,0.4016626,0.0020831735,0.32741198,0.0,0.0,2.7766764,-0.10164332,3.4909205,-3.4909205,4.201323,-4.201323,-1.1917161,1.1917161,0.0,0.0,0.0,0.0,0.0,0.0,0.0,0.0,0.0,0.0,0.0,0.0,0.40648305,0.59351695,0.59351695,0.40648305,-0.0020425403,0.5955595,0.40444052,0.09862703,-0.09862703,-0.15758327,0.15758327,0.0,0.0,0.0,0.0,0.0,0.0,0.0,0.0,0.0,0.0,0.0,0.0,0.0,0.0,-0.10164332,0.0,0.0,0.0,0.0,0.0,0.0,9.0
14,D.Rhodes,run,18,IND,8.0,0.0,0.0,0.0,0.0,0.0,0.0,0.0,0.0,0.0,0.0,0.0,0.0,3.0,0.0,0.0,0.0,0.0,0.0,4.0,0.0,0.0,0.0,0.0,0.0,0.0,0.0,0.0,1.0,0.0,0.0,0.0,0.0,0.0,0.0,0.0,0.0,0.0,0.06127862,0.03167037,0.0008994495,0.052862898,0.34548277,0.0024523141,0.50535357,0.0,0.0,4.111978,-0.3283172,27.178753,-27.178753,-6.9030623,6.9030623,29.876091,-29.876091,0.0,0.0,0.0,0.0,0.0,0.0,0.0,0.0,0.0,0.0,0.0,0.0,0.9723847,0.027615324,0.9723847,0.027615324,-0.0008647442,0.97151995,0.028480068,-0.12723598,0.12723598,0.5684075,-0.5684075,0.0,0.0,0.0,0.0,0.0,0.0,0.0,0.0,0.0,0.0,0.0,0.0,0.0,0.0,-0.3283172,0.0,0.0,0.0,0.0,0.0,0.0,9.5
15,E. James,run,19,IND,125.0,9.0,0.0,0.0,1.0,1.0,0.0,0.0,0.0,0.0,0.0,0.0,0.0,22.0,0.0,0.0,3.0,0.0,0.0,26.0,0.0,0.0,2.0,0.0,2.0,0.0,0.0,0.0,2.0,0.0,0.0,0.0,0.0,0.0,0.0,14.0,9.0,1.0,0.1340836,0.09025141,0.0025061457,0.14902562,0.23247594,0.002692733,0.38896453,0.0,0.0,2.1066194,0.19846456,-10.43393,10.43393,-1.7134618,1.7134618,-7.4843206,7.4843206,0.0,0.0,0.0,0.0,0.0,0.0,0.0,0.0,0.0,0.0,0.0,0.0,0.74319786,0.2568021,0.2568021,0.74319786,0.008136689,0.24866542,0.75133455,-0.11151048,0.11151048,-0.1507661,0.1507661,0.0,0.0,0.0,0.0,0.0,0.0,0.0,0.0,0.0,0.0,0.0,0.0,0.0,0.0,0.19846456,0.0,0.0,0.0,0.0,0.0,0.0,8.692307
16,E. James,run,20,IND,78.0,7.0,0.0,0.0,2.0,0.0,2.0,0.0,0.0,0.0,0.0,0.0,0.0,9.0,0.0,0.0,1.0,0.0,0.0,19.0,0.0,0.0,1.0,0.0,1.0,0.0,0.0,0.0,9.0,0.0,0.0,0.0,0.0,0.0,0.0,11.0,7.0,1.0,0.074412525,0.08686306,0.001652092,0.14787422,0.28928038,0.0032387183,0.396679,0.0,0.0,2.352059,0.51122934,8.501611,-8.501611,-4.5880713,4.5880713,12.78495,-12.78495,0.0,0.0,0.0,0.0,0.0,0.0,0.0,0.0,0.0,0.0,0.0,0.0,0.15461981,0.8453802,0.8453802,0.15461981,0.00471521,0.84066504,0.15933502,-0.019386327,0.019386327,0.31830454,-0.31830454,0.0,0.0,0.0,0.0,0.0,0.0,0.0,0.0,0.0,0.0,0.0,0.0,0.0,0.0,0.51122934,0.0,0.0,0.0,0.0,0.0,0.0,6.736842
17,E.James,run,1,IND,67.0,3.0,0.0,0.0,1.0,1.0,0.0,0.0,0.0,0.0,1.0,0.0,1.0,14.0,0.0,1.0,1.0,0.0,0.0,15.0,0.0,0.0,0.0,0.0,0.0,0.0,1.0,0.0,1.0,0.0,0.0,0.0,0.0,10.0,0.0,5.0,3.0,0.0,0.11975913,0.10941187,0.0039043624,0.17834623,0.24981913,0.0028616735,0.3358976,0.0,0.0,1.521996,-0.10484066,-1.1124703,1.1124703,-2.5647328,2.5647328,3.2210145,-3.2210145,0.0,0.0,0.0,0.0,0.0,0.0,0.0,0.0,0.0,0.0,0.0,0.0,0.4536447,0.5463553,0.5463553,0.4536447,-0.0045198896,0.55087525,0.4491248,-0.06728309,0.06728309,0.12631102,-0.12631102,0.0,0.0,0.0,0.0,0.0,0.0,0.0,0.0,0.0,0.0,0.0,0.0,0.0,0.0,-0.10484066,0.0,0.0,0.0,0.0,0.0,0.0,7.8
18,E.James,run,2,IND,120.0,9.0,0.0,1.0,2.0,1.0,1.0,0.0,0.0,0.0,0.0,0.0,0.0,15.0,0.0,4.0,1.0,0.0,0.0,30.0,0.0,0.0,1.0,0.0,1.0,0.0,0.0,0.0,14.0,0.0,0.0,0.0,0.0,46.0,0.0,12.0,9.0,1.0,0.07345386,0.07851288,0.002443341,0.12001395,0.27750733,0.0040812814,0.44398737,0.0,0.0,2.8680732,0.017527275,9.617917,-9.617917,4.240825,-4.240825,2.2340279,-2.2340279,0.0,0.0,0.0,0.0,0.0,0.0,0.0,0.0,0.0,0.0,0.0,0.0,0.817815,0.18218496,0.817815,0.18218496,0.004400821,0.82221586,0.17778414,0.22121097,-0.22121097,-0.07266565,0.07266565,0.0,0.0,0.0,0.0,0.0,0.0,0.0,0.0,0.0,0.0,0.0,0.0,0.0,0.0,0.017527275,0.0,0.0,0.0,0.0,0.0,0.0,6.9333334
19,E.James,run,3,IND,76.0,6.0,0.0,0.0,1.0,0.0,0.0,0.0,0.0,0.0,0.0,0.0,0.0,17.0,0.0,0.0,6.0,0.0,0.0,27.0,0.0,0.0,0.0,0.0,0.0,0.0,0.0,0.0,10.0,0.0,0.0,0.0,0.0,0.0,0.0,9.0,6.0,0.0,0.07107638,0.084801525,0.0019801469,0.13502342,0.27440038,0.0039009785,0.42881718,0.0,0.0,2.6291947,-0.2116476,6.407863,-6.407863,-1.7669004,1.7669004,2.3468964,-2.3468964,0.0,0.0,0.0,0.0,0.0,0.0,0.0,0.0,0.0,0.0,0.0,0.0,0.7558771,0.2441229,0.7558771,0.2441229,-0.002141723,0.75373536,0.24626462,0.008062665,-0.008062665,0.06876507,-0.06876507,0.0,0.0,0.0,0.0,0.0,0.0,0.0,0.0,0.0,0.0,0.0,0.0,0.0,0.0,-0.2116476,0.0,0.0,0.0,0.0,0.0,0.0,8.62963
20,E.James,run,8,IND,104.0,6.0,0.0,1.0,1.0,0.0,0.0,0.0,0.0,0.0,0.0,0.0,0.0,13.0,0.0,1.0,3.0,0.0,0.0,23.0,0.0,0.0,0.0,0.0,0.0,0.0,0.0,0.0,10.0,0.0,0.0,0.0,0.0,6.0,0.0,11.0,7.0,1.0,0.14349023,0.07425898,0.0021748606,0.11298898,0.24015169,0.003260563,0.42367467,0.0,0.0,2.6746495,0.0059947707,3.5234988,-3.5234988,-1.2515396,1.2515396,7.0897765,-7.0897765,0.0,0.0,0.0,0.0,0.0,0.0,0.0,0.0,0.0,0.0,0.0,0.0,0.743313,0.256687,0.743313,0.256687,0.0020626213,0.7453756,0.2546244,0.0049524675,-0.0049524675,0.26067823,-0.26067823,0.0,0.0,0.0,0.0,0.0,0.0,0.0,0.0,0.0,0.0,0.0,0.0,0.0,0.0,0.0059947707,0.0,0.0,0.0,0.0,0.0,0.0,8.173913
21,E.James,run,9,IND,89.0,6.0,0.0,0.0,2.0,1.0,0.0,1.0,0.0,0.0,0.0,0.0,0.0,14.0,0.0,0.0,0.0,0.0,0.0,26.0,0.0,0.0,1.0,0.0,1.0,0.0,0.0,0.0,11.0,0.0,0.0,0.0,0.0,0.0,0.0,9.0,6.0,0.0,0.11074003,0.123223536,0.0033939136,0.19910932,0.2038211,0.003295018,0.35641712,0.0,0.0,1.3427494,-0.18103983,-3.9532366,3.9532366,3.7728536,-3.7728536,-7.061951,7.061951,0.0,0.0,0.0,0.0,0.0,0.0,0.0,0.0,0.0,0.0,0.0,0.0,0.5870422,0.4129578,0.4129578,0.5870422,-0.0026617397,0.41561952,0.5843805,0.026711408,-0.026711408,-0.23515248,0.23515248,0.0,0.0,0.0,0.0,0.0,0.0,0.0,0.0,0.0,0.0,0.0,0.0,0.0,0.0,-0.18103983,0.0,0.0,0.0,0.0,0.0,0.0,7.1923075
22,E.James,run,10,IND,44.0,2.0,0.0,0.0,0.0,0.0,1.0,0.0,0.0,0.0,0.0,0.0,0.0,14.0,0.0,0.0,2.0,0.0,0.0,15.0,0.0,0.0,0.0,0.0,0.0,0.0,0.0,0.0,1.0,0.0,0.0,0.0,0.0,0.0,0.0,4.0,2.0,0.0,0.052443642,0.11456469,0.0068712397,0.18345578,0.26241997,0.002792747,0.37745193,0.0,0.0,1.793382,-0.032314356,-5.798993,5.798993,1.3912362,-1.3912362,-7.7274084,7.7274084,0.0,0.0,0.0,0.0,0.0,0.0,0.0,0.0,0.0,0.0,0.0,0.0,0.59616846,0.40383154,0.40383154,0.59616846,-0.0010920326,0.4049236,0.59507644,0.022671524,-0.022671524,-0.20913652,0.20913652,0.0,0.0,0.0,0.0,0.0,0.0,0.0,0.0,0.0,0.0,0.0,0.0,0.0,0.0,-0.032314356,0.0,0.0,0.0,0.0,0.0,0.0,8.533334
23,E.James,run,11,IND,127.0,11.0,0.0,0.0,2.0,2.0,1.0,0.0,0.0,0.0,0.0,0.0,0.0,22.0,0.0,0.0,3.0,0.0,0.0,36.0,0.0,0.0,3.0,0.0,3.0,0.0,0.0,0.0,11.0,0.0,0.0,0.0,0.0,0.0,0.0,18.0,11.0,1.0,0.09561749,0.07139126,0.0016758395,0.108788766,0.27173507,0.003963845,0.44682774,0.0,0.0,2.9718802,0.07968569,3.4481585,-3.4481585,2.6940038,-2.6940038,3.3059673,-3.3059673,0.0,0.0,0.0,0.0,0.0,0.0,0.0,0.0,0.0,0.0,0.0,0.0,0.73938507,0.26061493,0.73938507,0.26061493,0.0021379995,0.741523,0.2584769,0.036902416,-0.036902416,0.11557742,-0.11557742,0.0,0.0,0.0,0.0,0.0,0.0,0.0,0.0,0.0,0.0,0.0,0.0,0.0,0.0,0.07968569,0.0,0.0,0.0,0.0,0.0,0.0,6.9166665
24,E.James,run,12,IND,108.0,7.0,0.0,0.0,2.0,1.0,1.0,0.0,0.0,0.0,1.0,0.0,0.0,14.0,0.0,1.0,0.0,1.0,0.0,28.0,0.0,0.0,2.0,0.0,2.0,0.0,1.0,0.0,12.0,0.0,0.0,0.0,0.0,5.0,0.0,16.0,7.0,0.0,0.07969999,0.07365615,0.0055054687,0.120694235,0.2705503,0.0021927946,0.44770104,0.0,0.0,2.8731048,0.07639153,0.70558435,-0.70558435,7.0878024,-7.0878024,-6.3981447,6.3981447,0.0,0.0,0.0,0.0,0.0,0.0,0.0,0.0,0.0,0.0,0.0,0.0,0.39144537,0.60855466,0.60855466,0.39144537,-0.00045888763,0.60901356,0.39098647,0.29457742,-0.29457742,-0.16852465,0.16852465,0.0,0.0,0.0,0.0,0.0,0.0,0.0,0.0,0.0,0.0,0.0,0.0,0.0,0.0,0.07639153,0.0,0.0,0.0,0.0,0.0,0.0,7.035714
25,E.James,run,13,IND,88.0,9.0,0.0,0.0,0.0,1.0,1.0,1.0,0.0,0.0,0.0,0.0,0.0,13.0,0.0,0.0,3.0,0.0,0.0,25.0,0.0,0.0,0.0,0.0,0.0,0.0,0.0,0.0,12.0,0.0,0.0,0.0,0.0,0.0,0.0,9.0,9.0,0.0,0.1299501,0.07418211,0.0019357519,0.1152896,0.25211513,0.003814269,0.422713,0.0,0.0,2.68952,-0.16937308,-11.99298,11.99298,-2.725262,2.725262,-5.576396,5.576396,0.0,0.0,0.0,0.0,0.0,0.0,0.0,0.0,0.0,0.0,0.0,0.0,0.28929973,0.7107003,0.28929973,0.7107003,-0.026024647,0.26327506,0.7367249,-0.086436965,0.086436965,-0.122603856,0.122603856,0.0,0.0,0.0,0.0,0.0,0.0,0.0,0.0,0.0,0.0,0.0,0.0,0.0,0.0,-0.16937308,0.0,0.0,0.0,0.0,0.0,0.0,5.6
26,E.James,run,14,IND,95.0,6.0,0.0,0.0,1.0,1.0,1.0,0.0,0.0,0.0,0.0,0.0,0.0,9.0,0.0,0.0,1.0,0.0,0.0,27.0,0.0,0.0,2.0,0.0,2.0,0.0,0.0,0.0,16.0,0.0,0.0,0.0,0.0,0.0,0.0,12.0,6.0,1.0,0.18547925,0.066907965,0.0019112022,0.100908935,0.27450627,0.0017470544,0.3685393,0.0,0.0,2.4958792,0.093682714,-6.389533,6.389533,1.2213234,-1.2213234,-0.97326624,0.97326624,0.0,0.0,0.0,0.0,0.0,0.0,0.0,0.0,0.0,0.0,0.0,0.0,0.6476257,0.35237432,0.35237432,0.6476257,0.004735694,0.34763864,0.65236133,0.018619785,-0.018619785,-0.048491783,0.048491783,0.0,0.0,0.0,0.0,0.0,0.0,0.0,0.0,0.0,0.0,0.0,0.0,0.0,0.0,0.093682714,0.0,0.0,0.0,0.0,0.0,0.0,7.814815
27,E.James,run,15,IND,126.0,5.0,0.0,1.0,0.0,1.0,0.0,1.0,0.0,0.0,1.0,0.0,0.0,12.0,0.0,1.0,1.0,1.0,0.0,20.0,0.0,0.0,0.0,0.0,0.0,0.0,1.0,0.0,8.0,0.0,0.0,0.0,0.0,5.0,0.0,8.0,6.0,1.0,0.08716469,0.08097718,0.006050027,0.12289655,0.25211254,0.003529935,0.4472691,0.0,0.0,2.7789736,-0.06045293,18.896374,-18.896374,-2.1968424,2.1968424,23.163858,-23.163858,0.0,0.0,0.0,0.0,0.0,0.0,0.0,0.0,0.0,0.0,0.0,0.0,0.9206568,0.07934326,0.9206568,0.07934326,-0.0041838223,0.9164729,0.08352708,-0.061180543,0.061180543,0.44022402,-0.44022402,0.0,0.0,0.0,0.0,0.0,0.0,0.0,0.0,0.0,0.0,0.0,0.0,0.0,0.0,-0.06045293,0.0,0.0,0.0,0.0,0.0,0.0,8.1
28,E.James,run,16,IND,42.0,2.0,0.0,0.0,1.0,0.0,0.0,0.0,0.0,0.0,0.0,0.0,0.0,8.0,0.0,0.0,2.0,0.0,0.0,10.0,0.0,0.0,1.0,0.0,1.0,0.0,0.0,0.0,1.0,0.0,0.0,0.0,0.0,0.0,0.0,4.0,2.0,0.0,0.0433524,0.099407144,0.0025855994,0.14893094,0.27779394,0.0040082918,0.42392167,0.0,0.0,2.462941,0.062268287,-7.0211563,7.0211563,-7.45103,7.45103,-5.3595304,5.3595304,0.0,0.0,0.0,0.0,0.0,0.0,0.0,0.0,0.0,0.0,0.0,0.0,0.4047695,0.59523046,0.4047695,0.59523046,0.0009296596,0.40569916,0.59430087,-0.14708038,0.14708038,-0.15617642,0.15617642,0.0,0.0,0.0,0.0,0.0,0.0,0.0,0.0,0.0,0.0,0.0,0.0,0.0,0.0,0.062268287,0.0,0.0,0.0,0.0,0.0,0.0,7.5
29,E.James,run,17,IND,171.0,11.0,0.0,0.0,2.0,1.0,0.0,1.0,0.0,0.0,2.0,0.0,0.0,16.0,0.0,0.0,2.0,1.0,0.0,27.0,0.0,0.0,1.0,0.0,1.0,0.0,2.0,0.0,10.0,0.0,0.0,0.0,0.0,0.0,0.0,14.0,11.0,0.0,0.08276076,0.09253489,0.0028351988,0.14230333,0.3002184,0.002709265,0.37663814,0.0,0.0,2.2631423,0.019580962,2.609231,-2.609231,2.103564,-2.103564,0.67659354,-0.67659354,0.0,0.0,0.0,0.0,0.0,0.0,0.0,0.0,0.0,0.0,0.0,0.0,0.34766346,0.65233654,0.65233654,0.34766346,-0.00044502236,0.6527816,0.34721845,0.06808599,-0.06808599,-0.004063041,0.004063041,0.0,0.0,0.0,0.0,0.0,0.0,0.0,0.0,0.0,0.0,0.0,0.0,0.0,0.0,0.019580962,0.0,0.0,0.0,0.0,0.0,0.0,7.0
30,E.James,run,18,IND,78.0,6.0,0.0,0.0,0.0,0.0,0.0,0.0,0.0,0.0,1.0,0.0,0.0,12.0,0.0,0.0,1.0,1.0,0.0,17.0,0.0,0.0,0.0,0.0,0.0,0.0,1.0,0.0,5.0,0.0,0.0,0.0,0.0,0.0,0.0,10.0,6.0,0.0,0.03543701,0.07680616,0.0016589052,0.12150297,0.29111093,0.0042496556,0.46923435,0.0,0.0,3.0822155,-0.20611937,22.090439,-22.090439,-4.558653,4.558653,24.16262,-24.16262,0.0,0.0,0.0,0.0,0.0,0.0,0.0,0.0,0.0,0.0,0.0,0.0,0.8668881,0.13311188,0.8668881,0.13311188,-0.0008064846,0.86608166,0.13391837,-0.10231725,0.10231725,0.44303644,-0.44303644,0.0,0.0,0.0,0.0,0.0,0.0,0.0,0.0,0.0,0.0,0.0,0.0,0.0,0.0,-0.20611937,0.0,0.0,0.0,0.0,0.0,0.0,8.058824
31,H. Smith,run,20,IND,0.0,0.0,0.0,0.0,0.0,0.0,0.0,1.0,0.0,0.0,0.0,1.0,1.0,0.0,1.0,0.0,0.0,0.0,0.0,1.0,0.0,0.0,0.0,0.0,0.0,0.0,1.0,0.0,0.0,0.0,0.0,0.0,1.0,0.0,1.0,0.0,0.0,0.0,0.43845844,0.12668009,0.0012230468,0.23162787,0.07735882,0.00293508,0.12171663,0.0,0.0,-0.9139184,-1.0860816,14.420801,-14.420801,-1.4986968,1.4986968,15.134489,-15.134489,0.0,0.0,0.0,0.0,0.0,0.0,0.0,0.0,0.0,0.0,0.0,0.0,0.10179182,0.8982082,0.8982082,0.10179182,-0.012090467,0.91029865,0.089701355,-0.027184643,0.027184643,0.38000956,-0.38000956,0.0,0.0,0.0,0.0,0.0,0.0,0.0,0.0,0.0,0.0,0.0,0.0,0.0,0.0,-1.0860816,0.0,0.0,0.0,0.0,0.0,0.0,10.0
32,H.Smith,run,11,IND,21.0,1.0,0.0,0.0,0.0,0.0,1.0,0.0,0.0,0.0,0.0,0.0,0.0,0.0,0.0,0.0,0.0,0.0,0.0,1.0,0.0,0.0,1.0,0.0,1.0,0.0,0.0,0.0,0.0,0.0,0.0,0.0,0.0,0.0,0.0,1.0,1.0,0.0,0.0068852236,0.037214085,0.0007076335,0.051765874,0.82102156,0.0010592832,0.081346355,0.0,0.0,2.559189,4.4408107,2.1019185,-2.1019185,5.3429456,-5.3429456,2.112611,-2.112611,0.0,0.0,0.0,0.0,0.0,0.0,0.0,0.0,0.0,0.0,0.0,0.0,0.6120956,0.3879044,0.6120956,0.3879044,0.17274305,0.7848386,0.21516135,0.09729539,-0.09729539,0.09396901,-0.09396901,0.0,0.0,0.0,0.0,0.0,0.0,0.0,0.0,0.0,0.0,0.0,0.0,0.0,0.0,4.4408107,0.0,0.0,0.0,0.0,0.0,0.0,3.0
33,J.Mungro,run,4,IND,30.0,2.0,0.0,0.0,0.0,0.0,0.0,0.0,0.0,0.0,0.0,0.0,0.0,7.0,0.0,0.0,2.0,0.0,0.0,10.0,0.0,0.0,0.0,0.0,0.0,0.0,0.0,0.0,3.0,0.0,0.0,0.0,0.0,0.0,0.0,5.0,2.0,0.0,0.1958173,0.068838716,0.0015684223,0.12934023,0.23650686,0.0027087745,0.36521968,0.0,0.0,2.1564412,-0.18698585,-34.75962,34.75962,2.4756455,-2.4756455,-33.97161,33.97161,0.0,0.0,0.0,0.0,0.0,0.0,0.0,0.0,0.0,0.0,0.0,0.0,0.9523446,0.047655366,0.047655366,0.9523446,0.00040276052,0.047252607,0.95274734,-0.059299015,0.059299015,-0.46512383,0.46512383,0.0,0.0,0.0,0.0,0.0,0.0,0.0,0.0,0.0,0.0,0.0,0.0,0.0,0.0,-0.18698585,0.0,0.0,0.0,0.0,0.0,0.0,7.5
34,J.Mungro,run,5,IND,20.0,1.0,0.0,0.0,0.0,1.0,1.0,0.0,0.0,0.0,0.0,0.0,0.0,4.0,0.0,0.0,0.0,0.0,0.0,6.0,0.0,0.0,1.0,0.0,1.0,0.0,0.0,0.0,1.0,0.0,0.0,0.0,0.0,0.0,0.0,2.0,1.0,0.0,0.22386038,0.036874246,0.024871537,0.054388095,0.324263,0.0012774715,0.33446524,0.0,0.0,2.7755182,0.3697436,5.099652,-5.099652,-4.278415,4.278415,10.557398,-10.557398,0.0,0.0,0.0,0.0,0.0,0.0,0.0,0.0,0.0,0.0,0.0,0.0,0.3769476,0.62305236,0.62305236,0.3769476,-0.012068504,0.63512087,0.36487913,-0.050285462,0.050285462,-0.078621924,0.078621924,0.0,0.0,0.0,0.0,0.0,0.0,0.0,0.0,0.0,0.0,0.0,0.0,0.0,0.0,0.3697436,0.0,0.0,0.0,0.0,0.0,0.0,7.3333335
35,J.Mungro,run,6,IND,10.0,2.0,0.0,0.0,1.0,2.0,0.0,0.0,0.0,0.0,0.0,0.0,0.0,5.0,0.0,0.0,1.0,0.0,0.0,8.0,0.0,0.0,1.0,0.0,1.0,0.0,0.0,0.0,2.0,0.0,0.0,0.0,0.0,0.0,0.0,2.0,2.0,0.0,0.046600766,0.102456026,0.0031324897,0.14340636,0.24253316,0.0038990625,0.45797214,0.0,0.0,2.623725,-0.45569566,-0.6413584,0.6413584,-1.5254675,1.5254675,-1.9882288,1.9882288,0.0,0.0,0.0,0.0,0.0,0.0,0.0,0.0,0.0,0.0,0.0,0.0,0.571803,0.428197,0.571803,0.428197,-0.015982201,0.5558208,0.4441792,0.0012440737,-0.0012440737,-0.072547235,0.072547235,0.0,0.0,0.0,0.0,0.0,0.0,0.0,0.0,0.0,0.0,0.0,0.0,0.0,0.0,-0.45569566,0.0,0.0,0.0,0.0,0.0,0.0,5.875
36,M.Harrison,run,6,IND,3.0,0.0,0.0,0.0,0.0,0.0,0.0,0.0,0.0,0.0,0.0,0.0,0.0,1.0,0.0,0.0,0.0,0.0,0.0,1.0,0.0,0.0,0.0,0.0,0.0,0.0,0.0,0.0,0.0,0.0,0.0,0.0,0.0,0.0,0.0,0.0,0.0,0.0,0.06167092,0.053214647,0.0011384435,0.08666065,0.36383802,0.002224073,0.43125328,0.0,0.0,3.3461897,-0.27706474,6.3945084,-6.3945084,2.6813796,-2.6813796,2.079324,-2.079324,0.0,0.0,0.0,0.0,0.0,0.0,0.0,0.0,0.0,0.0,0.0,0.0,0.79269594,0.20730406,0.79269594,0.20730406,-0.018755674,0.77394027,0.22605973,0.09740768,-0.09740768,0.027273297,-0.027273297,0.0,0.0,0.0,0.0,0.0,0.0,0.0,0.0,0.0,0.0,0.0,0.0,0.0,0.0,-0.27706474,0.0,0.0,0.0,0.0,0.0,0.0,7.0
37,P. Manning,qb_kneel,19,IND,-1.0,0.0,0.0,0.0,0.0,1.0,0.0,0.0,0.0,0.0,0.0,0.0,0.0,0.0,0.0,0.0,0.0,0.0,0.0,1.0,0.0,0.0,0.0,0.0,0.0,0.0,0.0,0.0,0.0,0.0,0.0,0.0,0.0,0.0,0.0,0.0,0.0,0.0,1.0,0.0,0.0,0.0,0.0,0.0,0.0,0.0,0.0,0.0,0.0,-12.85859,12.85859,-3.5722833,3.5722833,-4.8178473,4.8178473,0.0,0.0,0.0,0.0,0.0,0.0,0.0,0.0,0.0,0.0,0.0,0.0,0.7582936,0.24170637,0.24170637,0.7582936,0.0,0.0,0.0,-0.14223377,0.14223377,-0.068966985,0.068966985,0.0,0.0,0.0,0.0,0.0,0.0,0.0,0.0,0.0,0.0,0.0,0.0,0.0,0.0,0.0,0.0,0.0,0.0,0.0,0.0,0.0,23.0
38,P. Manning,run,20,IND,4.0,0.0,0.0,0.0,0.0,0.0,0.0,0.0,0.0,0.0,0.0,0.0,0.0,1.0,0.0,0.0,0.0,0.0,0.0,2.0,0.0,0.0,0.0,0.0,0.0,0.0,0.0,0.0,0.0,0.0,0.0,0.0,0.0,0.0,0.0,0.0,0.0,1.0,0.2169438,0.02482821,0.0003683115,0.036316738,0.31369844,0.0012107354,0.40663376,0.0,0.0,3.4605148,-0.26799473,9.69355,-9.69355,-5.934221,5.934221,15.087009,-15.087009,0.0,0.0,0.0,0.0,0.0,0.0,0.0,0.0,0.0,0.0,0.0,0.0,0.09608092,0.9039191,0.9039191,0.09608092,-0.01011532,0.91403437,0.0859656,-0.0070723947,0.0070723947,0.39590394,-0.39590394,0.0,0.0,0.0,0.0,0.0,0.0,0.0,0.0,0.0,0.0,0.0,0.0,0.0,0.0,-0.26799473,0.0,0.0,0.0,0.0,0.0,0.0,10.0
39,P.Manning,qb_kneel,3,IND,-3.0,0.0,0.0,0.0,0.0,0.0,0.0,0.0,0.0,0.0,0.0,0.0,0.0,0.0,0.0,0.0,0.0,0.0,0.0,3.0,0.0,0.0,0.0,0.0,0.0,0.0,0.0,0.0,0.0,0.0,0.0,0.0,0.0,0.0,0.0,0.0,0.0,0.0,0.7048431,0.015723428,0.00027985312,0.009820337,0.17144854,0.0003601714,0.097524524,0.0,0.0,1.0812653,-0.6465449,4.367508,-4.367508,-4.1905684,4.1905684,2.1570678,-2.1570678,0.0,0.0,0.0,0.0,0.0,0.0,0.0,0.0,0.0,0.0,0.0,0.0,0.82823515,0.1717648,0.82823515,0.1717648,0.0,0.0,0.0,-0.00517226,0.00517226,0.103198,-0.103198,0.0,0.0,0.0,0.0,0.0,0.0,0.0,0.0,0.0,0.0,0.0,0.0,0.0,0.0,-0.6465449,0.0,0.0,0.0,0.0,0.0,0.0,10.333333
40,P.Manning,qb_kneel,9,IND,-2.0,0.0,0.0,0.0,0.0,1.0,0.0,0.0,0.0,0.0,0.0,0.0,0.0,0.0,0.0,0.0,0.0,0.0,0.0,3.0,0.0,0.0,0.0,0.0,0.0,0.0,0.0,0.0,0.0,0.0,0.0,0.0,0.0,0.0,0.0,0.0,0.0,0.0,1.0,0.0,0.0,0.0,0.0,0.0,0.0,0.0,0.0,0.0,0.0,-9.596597,9.596597,4.4317155,-4.4317155,-13.567894,13.567894,0.0,0.0,0.0,0.0,0.0,0.0,0.0,0.0,0.0,0.0,0.0,0.0,0.9782391,0.02176086,0.02176086,0.9782391,0.0,0.0,0.0,-0.045404624,0.045404624,-0.5883868,0.5883868,0.0,0.0,0.0,0.0,0.0,0.0,0.0,0.0,0.0,0.0,0.0,0.0,0.0,0.0,0.0,0.0,0.0,0.0,0.0,0.0,0.0,10.666667
41,P.Manning,qb_kneel,11,IND,-3.0,0.0,0.0,0.0,0.0,0.0,0.0,0.0,0.0,0.0,0.0,0.0,0.0,0.0,0.0,0.0,0.0,0.0,0.0,2.0,0.0,0.0,0.0,0.0,0.0,0.0,0.0,0.0,0.0,0.0,0.0,0.0,0.0,0.0,0.0,0.0,0.0,0.0,0.33517572,0.0075889896,0.00034731755,0.0082078185,0.429376,0.00061055267,0.21869355,0.0,0.0,2.7392879,-1.5292813,3.4701746,-3.4701746,2.3418262,-2.3418262,9.009841,-9.009841,0.0,0.0,0.0,0.0,0.0,0.0,0.0,0.0,0.0,0.0,0.0,0.0,0.9944117,0.005588293,0.9944117,0.005588293,0.0,0.0,0.0,0.13396497,-0.13396497,0.23206767,-0.23206767,0.0,0.0,0.0,0.0,0.0,0.0,0.0,0.0,0.0,0.0,0.0,0.0,0.0,0.0,-1.5292813,0.0,0.0,0.0,0.0,0.0,0.0,11.0
42,P.Manning,qb_kneel,12,IND,-1.0,0.0,0.0,0.0,0.0,0.0,0.0,0.0,0.0,0.0,0.0,0.0,0.0,0.0,0.0,0.0,0.0,0.0,0.0,1.0,0.0,0.0,0.0,0.0,0.0,0.0,0.0,0.0,0.0,0.0,0.0,0.0,0.0,0.0,0.0,0.0,0.0,0.0,1.0,0.0,0.0,0.0,0.0,0.0,0.0,0.0,0.0,0.0,0.0,-4.733378,4.733378,8.42763,-8.42763,-13.582542,13.582542,0.0,0.0,0.0,0.0,0.0,0.0,0.0,0.0,0.0,0.0,0.0,0.0,0.95887744,0.041122556,0.041122556,0.95887744,0.0,0.0,0.0,0.31647226,-0.31647226,-0.68880075,0.68880075,0.0,0.0,0.0,0.0,0.0,0.0,0.0,0.0,0.0,0.0,0.0,0.0,0.0,0.0,0.0,0.0,0.0,0.0,0.0,0.0,0.0,10.0
43,P.Manning,qb_kneel,14,IND,-1.0,0.0,0.0,0.0,0.0,0.0,0.0,0.0,0.0,0.0,0.0,0.0,0.0,0.0,0.0,0.0,0.0,0.0,0.0,1.0,0.0,0.0,0.0,0.0,0.0,0.0,0.0,0.0,0.0,0.0,0.0,0.0,0.0,0.0,0.0,0.0,0.0,0.0,0.61075246,0.015937764,0.00037738858,0.010226613,0.269651,0.00068679935,0.09236802,0.0,0.0,1.3367484,-1.3367484,-6.8915763,6.8915763,-1.2205533,1.2205533,6.417419,-6.417419,0.0,0.0,0.0,0.0,0.0,0.0,0.0,0.0,0.0,0.0,0.0,0.0,0.9555813,0.044418693,0.044418693,0.9555813,0.0,0.0,0.0,-0.1459218,0.1459218,0.025254445,-0.025254445,0.0,0.0,0.0,0.0,0.0,0.0,0.0,0.0,0.0,0.0,0.0,0.0,0.0,0.0,-1.3367484,0.0,0.0,0.0,0.0,0.0,0.0,10.0
44,P.Manning,run,2,IND,0.0,0.0,0.0,0.0,0.0,1.0,0.0,0.0,0.0,0.0,0.0,2.0,0.0,1.0,0.0,0.0,0.0,0.0,0.0,2.0,0.0,0.0,0.0,0.0,0.0,0.0,2.0,0.0,1.0,0.0,0.0,0.0,2.0,0.0,2.0,0.0,0.0,0.0,0.030249465,0.12554222,0.0016820413,0.1986999,0.2583825,0.0078040864,0.3776398,0.0,0.0,1.6633441,-1.4080203,12.484362,-12.484362,4.085087,-4.085087,2.3219762,-2.3219762,0.0,0.0,0.0,0.0,0.0,0.0,0.0,0.0,0.0,0.0,0.0,0.0,0.9471622,0.05283779,0.9471622,0.05283779,-0.006159842,0.94100237,0.05899763,0.27649263,-0.27649263,-0.08629317,0.08629317,0.0,0.0,0.0,0.0,0.0,0.0,0.0,0.0,0.0,0.0,0.0,0.0,0.0,0.0,-1.4080203,0.0,0.0,0.0,0.0,0.0,0.0,14.5
45,P.Manning,run,4,IND,1.0,0.0,0.0,0.0,0.0,0.0,0.0,0.0,0.0,0.0,0.0,0.0,0.0,0.0,0.0,0.0,0.0,0.0,0.0,1.0,0.0,0.0,0.0,0.0,0.0,0.0,0.0,0.0,1.0,0.0,0.0,0.0,0.0,0.0,0.0,0.0,0.0,0.0,0.18396999,0.041123793,0.0004037828,0.06456919,0.33100462,0.000826698,0.37810194,0.0,0.0,3.0652175,-0.43751332,-24.583786,24.583786,-1.132803,1.132803,-24.100054,24.100054,0.0,0.0,0.0,0.0,0.0,0.0,0.0,0.0,0.0,0.0,0.0,0.0,0.94316864,0.05683136,0.05683136,0.94316864,-0.008827746,0.065659106,0.9343409,-0.06128388,0.06128388,-0.4284782,0.4284782,0.0,0.0,0.0,0.0,0.0,0.0,0.0,0.0,0.0,0.0,0.0,0.0,0.0,0.0,-0.43751332,0.0,0.0,0.0,0.0,0.0,0.0,6.0
46,P.Manning,run,6,IND,6.0,0.0,0.0,0.0,0.0,1.0,0.0,0.0,0.0,0.0,0.0,0.0,0.0,1.0,0.0,0.0,0.0,0.0,0.0,1.0,0.0,0.0,0.0,0.0,0.0,0.0,0.0,0.0,0.0,0.0,0.0,0.0,0.0,0.0,0.0,0.0,0.0,0.0,0.008936728,0.23415114,0.0061752526,0.34070086,0.1515833,0.0052492847,0.25320345,0.0,0.0,-0.86203736,-0.50089085,-1.3347793,1.3347793,0.031304907,-0.031304907,-1.1764933,1.1764933,0.0,0.0,0.0,0.0,0.0,0.0,0.0,0.0,0.0,0.0,0.0,0.0,0.5713586,0.42864138,0.5713586,0.42864138,-0.022353709,0.5490049,0.4509951,0.00072813034,-0.00072813034,-0.020578653,0.020578653,0.0,0.0,0.0,0.0,0.0,0.0,0.0,0.0,0.0,0.0,0.0,0.0,0.0,0.0,-0.50089085,0.0,0.0,0.0,0.0,0.0,0.0,13.0
47,P.Manning,run,8,IND,4.0,0.0,0.0,0.0,0.0,1.0,0.0,0.0,0.0,0.0,0.0,0.0,0.0,2.0,0.0,0.0,0.0,0.0,0.0,2.0,0.0,0.0,0.0,0.0,0.0,0.0,0.0,0.0,0.0,0.0,0.0,0.0,0.0,0.0,0.0,0.0,0.0,1.0,0.04691196,0.048623633,0.0010650746,0.08024873,0.41799825,0.0029748622,0.4021775,0.0,0.0,3.365445,-0.7606611,4.1025743,-4.1025743,-1.4810061,1.4810061,7.399078,-7.399078,0.0,0.0,0.0,0.0,0.0,0.0,0.0,0.0,0.0,0.0,0.0,0.0,0.7715473,0.22845271,0.7715473,0.22845271,-0.01938343,0.7521639,0.24783614,0.007187657,-0.007187657,0.24589582,-0.24589582,0.0,0.0,0.0,0.0,0.0,0.0,0.0,0.0,0.0,0.0,0.0,0.0,0.0,0.0,-0.7606611,0.0,0.0,0.0,0.0,0.0,0.0,8.5
48,P.Manning,run,12,IND,-4.0,0.0,0.0,0.0,0.0,0.0,0.0,0.0,0.0,0.0,0.0,0.0,0.0,1.0,0.0,0.0,1.0,0.0,0.0,1.0,0.0,0.0,0.0,0.0,0.0,0.0,0.0,0.0,0.0,0.0,0.0,0.0,0.0,0.0,0.0,0.0,0.0,0.0,0.019000234,0.12071894,0.002272624,0.19635566,0.257951,0.0046224957,0.39907905,0.0,0.0,1.8354597,-1.510815,3.3196156,-3.3196156,10.640738,-10.640738,-7.825466,7.825466,0.0,0.0,0.0,0.0,0.0,0.0,0.0,0.0,0.0,0.0,0.0,0.0,0.38023365,0.61976635,0.61976635,0.38023365,-0.061050117,0.6808165,0.31918353,0.46742406,-0.46742406,-0.1868838,0.1868838,0.0,0.0,0.0,0.0,0.0,0.0,0.0,0.0,0.0,0.0,0.0,0.0,0.0,0.0,-1.510815,0.0,0.0,0.0,0.0,0.0,0.0,2.0
49,P.Manning,run,13,IND,1.0,0.0,0.0,0.0,0.0,0.0,0.0,0.0,0.0,0.0,0.0,1.0,0.0,2.0,0.0,0.0,0.0,0.0,0.0,2.0,0.0,0.0,0.0,0.0,0.0,0.0,1.0,0.0,0.0,0.0,0.0,0.0,1.0,0.0,1.0,0.0,0.0,1.0,0.027396178,0.049659405,0.0010463619,0.07817839,0.36999,0.003505507,0.47022414,0.0,0.0,3.7102304,-0.71711016,-15.291138,15.291138,-5.868467,5.868467,-3.9931002,3.9931002,0.0,0.0,0.0,0.0,0.0,0.0,0.0,0.0,0.0,0.0,0.0,0.0,0.14608672,0.8539133,0.14608672,0.8539133,-0.019334208,0.12675251,0.8732475,-0.23330888,0.23330888,-0.07935349,0.07935349,0.0,0.0,0.0,0.0,0.0,0.0,0.0,0.0,0.0,0.0,0.0,0.0,0.0,0.0,-0.71711016,0.0,0.0,0.0,0.0,0.0,0.0,6.5
50,P.Manning,run,14,IND,21.0,2.0,0.0,0.0,2.0,0.0,0.0,0.0,0.0,0.0,0.0,0.0,0.0,2.0,0.0,0.0,0.0,0.0,0.0,3.0,0.0,0.0,0.0,0.0,0.0,0.0,0.0,0.0,1.0,0.0,0.0,0.0,0.0,0.0,0.0,3.0,2.0,0.0,0.045328636,0.099981554,0.0015943199,0.1613553,0.3383081,0.0029281366,0.35050395,0.0,0.0,2.041688,1.1408646,-7.4096665,7.4096665,1.7098995,-1.7098995,-1.5014101,1.5014101,0.0,0.0,0.0,0.0,0.0,0.0,0.0,0.0,0.0,0.0,0.0,0.0,0.5999565,0.4000435,0.4000435,0.5999565,0.035076458,0.36496702,0.63503295,0.029532189,-0.029532189,-0.023221811,0.023221811,0.0,0.0,0.0,0.0,0.0,0.0,0.0,0.0,0.0,0.0,0.0,0.0,0.0,0.0,1.1408646,0.0,0.0,0.0,0.0,0.0,0.0,8.0
51,P.Manning,run,16,IND,5.0,1.0,0.0,0.0,1.0,0.0,0.0,0.0,0.0,0.0,1.0,1.0,1.0,2.0,0.0,0.0,0.0,0.0,0.0,2.0,0.0,0.0,0.0,0.0,0.0,0.0,2.0,0.0,0.0,0.0,0.0,0.0,1.0,0.0,1.0,1.0,1.0,0.0,0.009295514,0.10265197,0.002035854,0.15487653,0.27934802,0.006454935,0.44533718,0.0,0.0,2.572151,0.16872957,-12.878668,12.878668,-8.360022,8.360022,-12.487955,12.487955,0.0,0.0,0.0,0.0,0.0,0.0,0.0,0.0,0.0,0.0,0.0,0.0,0.22708106,0.77291894,0.22708106,0.77291894,-0.0032354593,0.2238456,0.7761544,-0.1686264,0.1686264,-0.3643896,0.3643896,0.0,0.0,0.0,0.0,0.0,0.0,0.0,0.0,0.0,0.0,0.0,0.0,0.0,0.0,0.16872957,0.0,0.0,0.0,0.0,0.0,0.0,7.0
52,P.Manning,run,17,IND,5.0,0.0,0.0,0.0,0.0,1.0,0.0,0.0,0.0,0.0,0.0,0.0,0.0,3.0,0.0,0.0,2.0,0.0,0.0,3.0,0.0,0.0,0.0,0.0,0.0,0.0,0.0,0.0,0.0,0.0,0.0,0.0,0.0,0.0,0.0,1.0,0.0,0.0,0.21948282,0.024387958,0.0006787093,0.027957015,0.48547176,0.00062578206,0.24139594,0.0,0.0,2.877218,-0.30211914,-0.6849193,0.6849193,4.07939,-4.07939,-5.7137218,5.7137218,0.0,0.0,0.0,0.0,0.0,0.0,0.0,0.0,0.0,0.0,0.0,0.0,0.5496487,0.45035133,0.45035133,0.5496487,-0.00090427697,0.45125556,0.54874444,0.09651498,-0.09651498,-0.37214574,0.37214574,0.0,0.0,0.0,0.0,0.0,0.0,0.0,0.0,0.0,0.0,0.0,0.0,0.0,0.0,-0.30211914,0.0,0.0,0.0,0.0,0.0,0.0,7.3333335
53,P.Manning,run,18,IND,0.0,0.0,0.0,0.0,0.0,0.0,0.0,0.0,0.0,0.0,0.0,1.0,0.0,1.0,0.0,0.0,0.0,0.0,0.0,1.0,0.0,0.0,0.0,0.0,0.0,0.0,1.0,0.0,0.0,0.0,0.0,0.0,1.0,0.0,1.0,0.0,0.0,0.0,0.040103715,0.080934286,0.0015072211,0.13616769,0.27852157,0.004698366,0.45806718,0.0,0.0,2.8524406,-0.7822911,4.1724386,-4.1724386,-2.1475291,2.1475291,7.687745,-7.687745,0.0,0.0,0.0,0.0,0.0,0.0,0.0,0.0,0.0,0.0,0.0,0.0,0.7005731,0.2994269,0.7005731,0.2994269,-0.022694409,0.6778787,0.32212132,-0.08675623,0.08675623,0.2771831,-0.2771831,0.0,0.0,0.0,0.0,0.0,0.0,0.0,0.0,0.0,0.0,0.0,0.0,0.0,0.0,-0.7822911,0.0,0.0,0.0,0.0,0.0,0.0,10.0
54,R.Williams,run,2,IND,7.0,0.0,0.0,0.0,0.0,1.0,0.0,0.0,0.0,0.0,0.0,0.0,0.0,1.0,0.0,0.0,0.0,0.0,0.0,2.0,0.0,0.0,0.0,0.0,0.0,0.0,0.0,0.0,1.0,0.0,0.0,0.0,0.0,0.0,0.0,0.0,0.0,0.0,0.3248004,0.03198906,0.00095591525,0.07020359,0.22968905,0.0026500951,0.33971184,0.0,0.0,2.483046,-0.6008455,17.641016,-17.641016,2.1334548,-2.1334548,9.280338,-9.280338,0.0,0.0,0.0,0.0,0.0,0.0,0.0,0.0,0.0,0.0,0.0,0.0,0.9876387,0.012361318,0.9876387,0.012361318,0.0003926456,0.9880313,0.011968672,0.26586756,-0.26586756,-0.045924336,0.045924336,0.0,0.0,0.0,0.0,0.0,0.0,0.0,0.0,0.0,0.0,0.0,0.0,0.0,0.0,-0.6008455,0.0,0.0,0.0,0.0,0.0,0.0,8.0
55,R.Williams,run,4,IND,34.0,1.0,0.0,0.0,0.0,0.0,0.0,0.0,0.0,0.0,0.0,0.0,0.0,7.0,0.0,0.0,1.0,0.0,0.0,9.0,0.0,0.0,0.0,0.0,0.0,0.0,0.0,0.0,2.0,0.0,0.0,0.0,0.0,0.0,0.0,4.0,1.0,0.0,0.024980279,0.07724282,0.00235944,0.14279456,0.3230089,0.0031147664,0.42649922,0.0,0.0,2.7247415,-0.013477193,-17.529093,17.529093,0.24365476,-0.24365476,-17.820623,17.820623,0.0,0.0,0.0,0.0,0.0,0.0,0.0,0.0,0.0,0.0,0.0,0.0,0.85347193,0.14652808,0.14652808,0.85347193,-0.0025693576,0.14909744,0.85090256,-0.051989034,0.051989034,-0.3609109,0.3609109,0.0,0.0,0.0,0.0,0.0,0.0,0.0,0.0,0.0,0.0,0.0,0.0,0.0,0.0,-0.013477193,0.0,0.0,0.0,0.0,0.0,0.0,9.111111
56,R.Williams,run,5,IND,56.0,4.0,0.0,0.0,0.0,0.0,0.0,0.0,0.0,0.0,0.0,0.0,0.0,3.0,0.0,0.0,0.0,0.0,0.0,13.0,0.0,0.0,2.0,0.0,2.0,0.0,0.0,0.0,8.0,0.0,0.0,0.0,0.0,0.0,0.0,8.0,4.0,0.0,0.07249912,0.10746693,0.0032646393,0.17502028,0.18958744,0.0028254814,0.4493361,0.0,0.0,2.1656942,0.25931853,6.863052,-6.863052,-2.2190504,2.2190504,9.198769,-9.198769,0.0,0.0,0.0,0.0,0.0,0.0,0.0,0.0,0.0,0.0,0.0,0.0,0.22370051,0.7762995,0.7762995,0.22370051,0.0042708344,0.7720286,0.22797133,-0.025378836,0.025378836,0.14351892,-0.14351892,0.0,0.0,0.0,0.0,0.0,0.0,0.0,0.0,0.0,0.0,0.0,0.0,0.0,0.0,0.25931853,0.0,0.0,0.0,0.0,0.0,0.0,5.769231
57,R.Williams,run,6,IND,57.0,1.0,0.0,1.0,1.0,0.0,0.0,0.0,0.0,0.0,1.0,0.0,0.0,13.0,0.0,1.0,1.0,1.0,0.0,17.0,0.0,0.0,0.0,0.0,0.0,0.0,1.0,0.0,4.0,0.0,0.0,0.0,0.0,15.0,0.0,3.0,1.0,0.0,0.08229322,0.10577547,0.0038397182,0.16405427,0.22667715,0.0038320746,0.41352808,0.0,0.0,2.1090064,-0.35927436,0.7009463,-0.7009463,-0.26641905,0.26641905,-1.8207424,1.8207424,0.0,0.0,0.0,0.0,0.0,0.0,0.0,0.0,0.0,0.0,0.0,0.0,0.59536165,0.40463838,0.59536165,0.40463838,-0.008431438,0.58693016,0.4130698,0.03579077,-0.03579077,-0.08427542,0.08427542,0.0,0.0,0.0,0.0,0.0,0.0,0.0,0.0,0.0,0.0,0.0,0.0,0.0,0.0,-0.35927436,0.0,0.0,0.0,0.0,0.0,0.0,8.764706
58,R.Williams,run,10,IND,3.0,0.0,0.0,0.0,0.0,0.0,0.0,0.0,0.0,0.0,0.0,0.0,0.0,5.0,0.0,0.0,2.0,0.0,0.0,6.0,0.0,0.0,0.0,0.0,0.0,0.0,0.0,0.0,1.0,0.0,0.0,0.0,0.0,0.0,0.0,0.0,0.0,0.0,0.2679908,0.07945459,0.0040496853,0.10497642,0.22079588,0.0012728813,0.3214597,0.0,0.0,1.9338533,-0.47286597,-6.536858,6.536858,4.1590667,-4.1590667,-12.724388,12.724388,0.0,0.0,0.0,0.0,0.0,0.0,0.0,0.0,0.0,0.0,0.0,0.0,0.71687096,0.28312907,0.28312907,0.71687096,-0.010472874,0.29360196,0.706398,0.12541564,-0.12541564,-0.45725736,0.45725736,0.0,0.0,0.0,0.0,0.0,0.0,0.0,0.0,0.0,0.0,0.0,0.0,0.0,0.0,-0.47286597,0.0,0.0,0.0,0.0,0.0,0.0,9.833333
59,R.Williams,run,15,IND,-2.0,0.0,0.0,1.0,0.0,0.0,0.0,0.0,0.0,0.0,0.0,0.0,0.0,1.0,0.0,1.0,1.0,0.0,0.0,1.0,0.0,0.0,0.0,0.0,0.0,0.0,0.0,0.0,0.0,0.0,0.0,0.0,0.0,5.0,0.0,1.0,1.0,0.0,0.021544257,0.020419724,0.0008096844,0.03032834,0.35059348,0.0012862135,0.57501835,0.0,0.0,4.804304,0.16226009,19.359306,-19.359306,-1.1661156,1.1661156,22.323755,-22.323755,0.0,0.0,0.0,0.0,0.0,0.0,0.0,0.0,0.0,0.0,0.0,0.0,0.93557036,0.06442964,0.93557036,0.06442964,0.0,0.93557036,0.06442964,-0.067058824,0.067058824,0.46476912,-0.46476912,0.0,0.0,0.0,0.0,0.0,0.0,0.0,0.0,0.0,0.0,0.0,0.0,0.0,0.0,0.16226009,0.0,0.0,0.0,0.0,0.0,0.0,10.0
60,R.Williams,run,18,IND,-1.0,0.0,0.0,0.0,0.0,0.0,0.0,0.0,0.0,0.0,0.0,0.0,0.0,1.0,0.0,0.0,1.0,0.0,0.0,1.0,0.0,0.0,0.0,0.0,0.0,0.0,0.0,0.0,0.0,0.0,0.0,0.0,0.0,0.0,0.0,0.0,0.0,0.0,0.1058559,0.026447525,0.0004515594,0.04569886,0.35685068,0.0013634814,0.463332,0.0,0.0,3.9164653,-0.8789922,32.829216,-32.829216,-11.047048,11.047048,37.32982,-37.32982,0.0,0.0,0.0,0.0,0.0,0.0,0.0,0.0,0.0,0.0,0.0,0.0,0.9998969,0.000103116035,0.9998969,0.000103116035,-2.670288e-05,0.9998702,0.00012981892,-0.12393144,0.12393144,0.5885842,-0.5885842,0.0,0.0,0.0,0.0,0.0,0.0,0.0,0.0,0.0,0.0,0.0,0.0,0.0,0.0,-0.8789922,0.0,0.0,0.0,0.0,0.0,0.0,10.0
61,T.Walters,run,9,IND,6.0,0.0,0.0,0.0,0.0,0.0,0.0,0.0,0.0,0.0,0.0,0.0,0.0,1.0,0.0,0.0,0.0,0.0,0.0,1.0,0.0,0.0,0.0,0.0,0.0,0.0,0.0,0.0,0.0,0.0,0.0,0.0,0.0,0.0,0.0,1.0,0.0,0.0,0.061357696,0.117272414,0.0017787146,0.19095367,0.24195716,0.0038151797,0.38286513,0.0,0.0,1.7215074,0.16537638,-7.200459,7.200459,5.436209,-5.436209,-12.737076,12.737076,0.0,0.0,0.0,0.0,0.0,0.0,0.0,0.0,0.0,0.0,0.0,0.0,0.6754108,0.3245892,0.3245892,0.6754108,0.018831909,0.30575728,0.6942427,0.046463065,-0.046463065,-0.40473786,0.40473786,0.0,0.0,0.0,0.0,0.0,0.0,0.0,0.0,0.0,0.0,0.0,0.0,0.0,0.0,0.16537638,0.0,0.0,0.0,0.0,0.0,0.0,10.0
62,Team,qb_kneel,4,IND,-1.0,0.0,0.0,0.0,0.0,0.0,0.0,0.0,0.0,0.0,0.0,0.0,0.0,0.0,0.0,0.0,0.0,0.0,0.0,1.0,0.0,0.0,0.0,0.0,0.0,0.0,0.0,0.0,0.0,0.0,0.0,0.0,0.0,0.0,0.0,0.0,0.0,0.0,0.2647583,0.01218606,0.0004007934,0.011202228,0.45269364,0.00033815124,0.25842083,0.0,0.0,3.0519276,-3.0519276,-42.95289,42.95289,4.360938,-4.360938,-44.973774,44.973774,0.0,0.0,0.0,0.0,0.0,0.0,0.0,0.0,0.0,0.0,0.0,0.0,0.9998903,0.00010967255,0.00010967255,0.9998903,0.0,0.0,0.0,-0.07618312,0.07618312,-0.5100496,0.5100496,0.0,0.0,0.0,0.0,0.0,0.0,0.0,0.0,0.0,0.0,0.0,0.0,0.0,0.0,-3.0519276,0.0,0.0,0.0,0.0,0.0,0.0,10.0
