fantasy_player_name,fantasy_player_id,fantasy,fantasy_id
0,0,0,0
D.Givens,00-0021353,D.Givens,00-0021353
D.Branch,00-0021192,D.Branch,00-0021192
0,0,D.Branch,00-0021192
B.Watson,00-0022943,B.Watson,00-0022943
B.Watson,00-0022943,B.Watson,00-0022943
D.Branch,00-0021192,D.Branch,00-0021192
0,0,0,0
D.Graham,00-0021154,D.Graham,00-0021154
0,0,B.Watson,00-0022943
0,0,0,0
0,0,0,0
E.James,00-0008241,E.James,00-0008241
E.James,00-0008241,E.James,00-0008241
0,0,E.James,00-0008241
R.Wayne,00-0020498,R.Wayne,00-0020498
E.James,00-0008241,E.James,00-0008241
E.James,00-0008241,E.James,00-0008241
0,0,M.Pollard,00-0013080
0,0,D.Clark,00-0022165
C.Dillon,00-0004304,C.Dillon,00-0004304
0,0,C.Dillon,00-0004304
D.Branch,00-0021192,D.Branch,00-0021192
C.Dillon,00-0004304,C.Dillon,00-0004304
C.Dillon,00-0004304,C.Dillon,00-0004304
B.Johnson,00-0021993,B.Johnson,00-0021993
0,0,0,0
0,0,0,0
E.James,00-0008241,E.James,00-0008241
E.James,00-0008241,E.James,00-0008241
M.Harrison,00-0007024,M.Harrison,00-0007024
E.James,00-0008241,E.James,00-0008241
E.James,00-0008241,E.James,00-0008241
E.James,00-0008241,E.James,00-0008241
0,0,0,0
D.Rhodes,00-0019863,D.Rhodes,00-0019863
0,0,D.Clark,00-0022165
M.Harrison,00-0007024,M.Harrison,00-0007024
0,0,0,0
0,0,0,0
D.Branch,00-0021192,D.Branch,00-0021192
D.Graham,00-0021154,D.Graham,00-0021154
0,0,D.Branch,00-0021192
0,0,0,0
E.James,00-0008241,E.James,00-0008241
E.James,00-0008241,E.James,00-0008241
E.James,00-0008241,E.James,00-0008241
D.Rhodes,00-0019863,D.Rhodes,00-0019863
D.Rhodes,00-0019863,D.Rhodes,00-0019863
E.James,00-0008241,E.James,00-0008241
E.James,00-0008241,E.James,00-0008241
D.Rhodes,00-0019863,D.Rhodes,00-0019863
D.Rhodes,00-0019863,D.Rhodes,00-0019863
0,0,0,0
0,0,0,0
C.Dillon,00-0004304,C.Dillon,00-0004304
C.Dillon,00-0004304,C.Dillon,00-0004304
C.Dillon,00-0004304,C.Dillon,00-0004304
B.Johnson,00-0021993,B.Johnson,00-0021993
0,0,0,0
D.Patten,00-0012642,D.Patten,00-0012642
C.Dillon,00-0004304,C.Dillon,00-0004304
D.Branch,00-0021192,D.Branch,00-0021192
0,0,0,0
0,0,0,0
D.Clark,00-0022165,D.Clark,00-0022165
E.James,00-0008241,E.James,00-0008241
E.James,00-0008241,E.James,00-0008241
M.Harrison,00-0007024,M.Harrison,00-0007024
0,0,E.James,00-0008241
P.Manning,00-0010346,P.Manning,00-0010346
0,0,R.Wayne,00-0020498
M.Harrison,00-0007024,M.Harrison,00-0007024
0,0,0,0
0,0,0,0
0,0,D.Patten,00-0012642
D.Graham,00-0021154,D.Graham,00-0021154
D.Graham,00-0021154,D.Graham,00-0021154
D.Graham,00-0021154,D.Graham,00-0021154
0,0,0,0
0,0,0,0
0,0,0,0
0,0,D.Clark,00-0022165
E.James,00-0008241,E.James,00-0008241
0,0,B.Stokley,00-0015754
0,0,0,0
0,0,D.Graham,00-0021154
0,0,D.Graham,00-0021154
D.Branch,00-0021192,D.Branch,00-0021192
C.Dillon,00-0004304,C.Dillon,00-0004304
D.Branch,00-0021192,D.Branch,00-0021192
C.Dillon,00-0004304,C.Dillon,00-0004304
0,0,D.Givens,00-0021353
D.Patten,00-0012642,D.Patten,00-0012642
0,0,0,0
0,0,0,0
E.James,00-0008241,E.James,00-0008241
0,0,M.Harrison,00-0007024
B.Stokley,00-0015754,B.Stokley,00-0015754
E.James,00-0008241,E.James,00-0008241
E.James,00-0008241,E.James,00-0008241
0,0,0,0
B.Stokley,00-0015754,B.Stokley,00-0015754
E.James,00-0008241,E.James,00-0008241
E.James,00-0008241,E.James,00-0008241
E.James,00-0008241,E.James,00-0008241
P.Manning,00-0010346,P.Manning,00-0010346
E.James,00-0008241,E.James,00-0008241
D.Patten,00-0012642,D.Patten,00-0012642
C.Dillon,00-0004304,C.Dillon,00-0004304
0,0,B.Watson,00-0022943
D.Patten,00-0012642,D.Patten,00-0012642
D.Givens,00-0021353,D.Givens,00-0021353
C.Dillon,00-0004304,C.Dillon,00-0004304
D.Graham,00-0021154,D.Graham,00-0021154
0,0,0,0
0,0,0,0
E.James,00-0008241,E.James,00-0008241
E.James,00-0008241,E.James,00-0008241
M.Harrison,00-0007024,M.Harrison,00-0007024
0,0,0,0
E.James,00-0008241,E.James,00-0008241
0,0,M.Harrison,00-0007024
M.Harrison,00-0007024,M.Harrison,00-0007024
E.James,00-0008241,E.James,00-0008241
0,0,E.James,00-0008241
D.Rhodes,00-0019863,D.Rhodes,00-0019863
D.Rhodes,00-0019863,D.Rhodes,00-0019863
D.Rhodes,00-0019863,D.Rhodes,00-0019863
0,0,R.Wayne,00-0020498
B.Stokley,00-0015754,B.Stokley,00-0015754
0,0,0,0
0,0,0,0
C.Fauria,00-0005101,C.Fauria,00-0005101
C.Dillon,00-0004304,C.Dillon,00-0004304
D.Graham,00-0021154,D.Graham,00-0021154
D.Givens,00-0021353,D.Givens,00-0021353
0,0,B.Johnson,00-0021993
C.Dillon,00-0004304,C.Dillon,00-0004304
0,0,D.Graham,00-0021154
E.James,00-0008241,E.James,00-0008241
0,0,R.Wayne,00-0020498
E.James,00-0008241,E.James,00-0008241
0,0,R.Wayne,00-0020498
D.Rhodes,00-0019863,D.Rhodes,00-0019863
0,0,R.Wayne,00-0020498
0,0,0,0
E.James,00-0008241,E.James,00-0008241
E.James,00-0008241,E.James,00-0008241
D.Rhodes,00-0019863,D.Rhodes,00-0019863
0,0,M.Harrison,00-0007024
0,0,R.Wayne,00-0020498
E.James,00-0008241,E.James,00-0008241
0,0,D.Patten,00-0012642
C.Dillon,00-0004304,C.Dillon,00-0004304
D.Givens,00-0021353,D.Givens,00-0021353
C.Dillon,00-0004304,C.Dillon,00-0004304
0,0,0,0
0,0,D.Patten,00-0012642
0,0,0,0
B.Stokley,00-0015754,B.Stokley,00-0015754
M.Harrison,00-0007024,M.Harrison,00-0007024
0,0,R.Wayne,00-0020498
0,0,0,0
0,0,0,0
T.Brady,00-0019596,T.Brady,00-0019596
0,0,0,0
0,0,0,0
C.Brown,00-0022092,C.Brown,00-0022092
E. Kinney,00-0019659,E.Kinney,00-0019659
C.Brown,00-0022092,C.Brown,00-0022092
D.Bennett,00-0019976,D.Bennett,00-0019976
C.Brown,00-0022092,C.Brown,00-0022092
C.Brown,00-0022092,C.Brown,00-0022092
R.Holcombe,00-0007579,R.Holcombe,00-0007579
B.Troupe,00-0022916,B.Troupe,00-0022916
C.Brown,00-0022092,C.Brown,00-0022092
0,0,0,0
0,0,0,0
P.Manning,00-0010346,P.Manning,00-0010346
E.James,00-0008241,E.James,00-0008241
E.James,00-0008241,E.James,00-0008241
E.James,00-0008241,E.James,00-0008241
E.James,00-0008241,E.James,00-0008241
B.Stokley,00-0015754,B.Stokley,00-0015754
E.James,00-0008241,E.James,00-0008241
E.James,00-0008241,E.James,00-0008241
0,0,0,0
E.James,00-0008241,E.James,00-0008241
0,0,D.Rhodes,00-0019863
0,0,M.Harrison,00-0007024
0,0,0,0
0,0,0,0
0,0,C.Brown,00-0022092
C.Brown,00-0022092,C.Brown,00-0022092
D.Bennett,00-0019976,D.Bennett,00-0019976
C.Brown,00-0022092,C.Brown,00-0022092
D.Mason,00-0010500,D.Mason,00-0010500
S.McNair,00-0011024,S.McNair,00-0011024
0,0,C.Brown,00-0022092
C.Brown,00-0022092,C.Brown,00-0022092
D.Mason,00-0010500,D.Mason,00-0010500
0,0,0,0
C.Brown,00-0022092,C.Brown,00-0022092
C.Brown,00-0022092,C.Brown,00-0022092
D.Mason,00-0010500,D.Mason,00-0010500
D.Bennett,00-0019976,D.Bennett,00-0019976
C.Brown,00-0022092,C.Brown,00-0022092
M.Harrison,00-0007024,M.Harrison,00-0007024
E.James,00-0008241,E.James,00-0008241
E.James,00-0008241,E.James,00-0008241
0,0,0,0
C.Brown,00-0022092,C.Brown,00-0022092
D.Bennett,00-0019976,D.Bennett,00-0019976
C.Brown,00-0022092,C.Brown,00-0022092
0,0,C.Brown,00-0022092
D.Mason,00-0010500,D.Mason,00-0010500
0,0,D.Mason,00-0010500
C.Brown,00-0022092,C.Brown,00-0022092
0,0,D.Bennett,00-0019976
0,0,0,0
0,0,0,0
R.Wayne,00-0020498,R.Wayne,00-0020498
M.Harrison,00-0007024,M.Harrison,00-0007024
E.James,00-0008241,E.James,00-0008241
0,0,R.Wayne,00-0020498
0,0,0,0
C.Brown,00-0022092,C.Brown,00-0022092
C.Brown,00-0022092,C.Brown,00-0022092
D.Bennett,00-0019976,D.Bennett,00-0019976
C.Brown,00-0022092,C.Brown,00-0022092
C.Brown,00-0022092,C.Brown,00-0022092
C.Brown,00-0022092,C.Brown,00-0022092
0,0,0,0
M.Harrison,00-0007024,M.Harrison,00-0007024
R.Wayne,00-0020498,R.Wayne,00-0020498
R.Wayne,00-0020498,R.Wayne,00-0020498
M.Harrison,00-0007024,M.Harrison,00-0007024
0,0,0,0
C.Brown,00-0022092,C.Brown,00-0022092
E. Kinney,00-0019659,E.Kinney,00-0019659
0,0,0,0
0,0,0,0
M.Pollard,00-0013080,M.Pollard,00-0013080
R.Wayne,00-0020498,R.Wayne,00-0020498
E.James,00-0008241,E.James,00-0008241
0,0,M.Pollard,00-0013080
0,0,R.Wayne,00-0020498
M.Harrison,00-0007024,M.Harrison,00-0007024
M.Harrison,00-0007024,M.Harrison,00-0007024
E.James,00-0008241,E.James,00-0008241
R.Wayne,00-0020498,R.Wayne,00-0020498
0,0,0,0
0,0,0,0
C.Brown,00-0022092,C.Brown,00-0022092
E. Kinney,00-0019659,E.Kinney,00-0019659
D.Mason,00-0010500,D.Mason,00-0010500
D.Bennett,00-0019976,D.Bennett,00-0019976
C.Brown,00-0022092,C.Brown,00-0022092
S.McNair,00-0011024,S.McNair,00-0011024
0,0,0,0
0,0,0,0
0,0,R.Wayne,00-0020498
E.James,00-0008241,E.James,00-0008241
M.Harrison,00-0007024,M.Harrison,00-0007024
E.James,00-0008241,E.James,00-0008241
0,0,B.Stokley,00-0015754
E.James,00-0008241,E.James,00-0008241
0,0,B.Stokley,00-0015754
0,0,0,0
0,0,D.Bennett,00-0019976
C.Brown,00-0022092,C.Brown,00-0022092
0,0,D.Bennett,00-0019976
C.Brown,00-0022092,C.Brown,00-0022092
0,0,0,0
M.Harrison,00-0007024,M.Harrison,00-0007024
R.Wayne,00-0020498,R.Wayne,00-0020498
0,0,R.Wayne,00-0020498
E.James,00-0008241,E.James,00-0008241
E.James,00-0008241,E.James,00-0008241
0,0,0,0
M.Pollard,00-0013080,M.Pollard,00-0013080
0,0,0,0
0,0,0,0
B.Troupe,00-0022916,B.Troupe,00-0022916
0,0,C.Brown,00-0022092
C.Brown,00-0022092,C.Brown,00-0022092
D.Mason,00-0010500,D.Mason,00-0010500
C.Brown,00-0022092,C.Brown,00-0022092
0,0,D.Mason,00-0010500
0,0,D.Mason,00-0010500
0,0,D.Mason,00-0010500
0,0,0,0
R.Wayne,00-0020498,R.Wayne,00-0020498
M.Harrison,00-0007024,M.Harrison,00-0007024
0,0,B.Stokley,00-0015754
M.Harrison,00-0007024,M.Harrison,00-0007024
0,0,R.Wayne,00-0020498
0,0,M.Harrison,00-0007024
B.Stokley,00-0015754,B.Stokley,00-0015754
E.James,00-0008241,E.James,00-0008241
E.James,00-0008241,E.James,00-0008241
E.James,00-0008241,E.James,00-0008241
0,0,0,0
0,0,0,0
C.Brown,00-0022092,C.Brown,00-0022092
D.Mason,00-0010500,D.Mason,00-0010500
D.Mason,00-0010500,D.Mason,00-0010500
E. Kinney,00-0019659,E.Kinney,00-0019659
0,0,D.Bennett,00-0019976
0,0,D.Bennett,00-0019976
0,0,D.Bennett,00-0019976
T.Fleming,00-0022825,T.Fleming,00-0022825
E.James,00-0008241,E.James,00-0008241
M.Pollard,00-0013080,M.Pollard,00-0013080
E.James,00-0008241,E.James,00-0008241
E.James,00-0008241,E.James,00-0008241
0,0,0,0
0,0,0,0
E. Kinney,00-0019659,E.Kinney,00-0019659
E.Berlin,00-0020485,E.Berlin,00-0020485
E. Kinney,00-0019659,E.Kinney,00-0019659
0,0,R.Holcombe,00-0007579
D.Mason,00-0010500,D.Mason,00-0010500
D.Bennett,00-0019976,D.Bennett,00-0019976
0,0,0,0
0,0,E.Berlin,00-0020485
0,0,0,0
P.Manning,00-0010346,P.Manning,00-0010346
0,0,0,0
0,0,0,0
R.Wayne,00-0020498,R.Wayne,00-0020498
M.Harrison,00-0007024,M.Harrison,00-0007024
M.Harrison,00-0007024,M.Harrison,00-0007024
0,0,M.Harrison,00-0007024
R.Wayne,00-0020498,R.Wayne,00-0020498
0,0,0,0
0,0,0,0
0,0,0,0
0,0,0,0
A.Green,00-0006305,A.Green,00-0006305
J.Walker,00-0021153,J.Walker,00-0021153
A.Green,00-0006305,A.Green,00-0006305
B.Franks,00-0019644,B.Franks,00-0019644
0,0,0,0
D.Driver,00-0004541,D.Driver,00-0004541
A.Green,00-0006305,A.Green,00-0006305
A.Green,00-0006305,A.Green,00-0006305
J.Walker,00-0021153,J.Walker,00-0021153
0,0,0,0
0,0,0,0
0,0,0,0
R.Wayne,00-0020498,R.Wayne,00-0020498
B.Stokley,00-0015754,B.Stokley,00-0015754
R.Wayne,00-0020498,R.Wayne,00-0020498
M.Harrison,00-0007024,M.Harrison,00-0007024
0,0,0,0
0,0,0,0
J.Walker,00-0021153,J.Walker,00-0021153
0,0,0,0
0,0,0,0
0,0,B.Stokley,00-0015754
B.Stokley,00-0015754,B.Stokley,00-0015754
0,0,E.James,00-0008241
0,0,M.Harrison,00-0007024
M.Harrison,00-0007024,M.Harrison,00-0007024
0,0,B.Stokley,00-0015754
R.Wayne,00-0020498,R.Wayne,00-0020498
0,0,M.Harrison,00-0007024
B.Stokley,00-0015754,B.Stokley,00-0015754
0,0,0,0
0,0,0,0
0,0,J.Walker,00-0021153
A.Green,00-0006305,A.Green,00-0006305
A.Green,00-0006305,A.Green,00-0006305
0,0,0,0
0,0,D.Driver,00-0004541
0,0,0,0
R.Wayne,00-0020498,R.Wayne,00-0020498
R.Wayne,00-0020498,R.Wayne,00-0020498
M.Pollard,00-0013080,M.Pollard,00-0013080
B.Stokley,00-0015754,B.Stokley,00-0015754
M.Pollard,00-0013080,M.Pollard,00-0013080
0,0,0,0
E.James,00-0008241,E.James,00-0008241
E.James,00-0008241,E.James,00-0008241
0,0,M.Harrison,00-0007024
0,0,M.Harrison,00-0007024
B.Stokley,00-0015754,B.Stokley,00-0015754
0,0,0,0
0,0,0,0
A.Green,00-0006305,A.Green,00-0006305
A.Green,00-0006305,A.Green,00-0006305
A.Green,00-0006305,A.Green,00-0006305
B.Franks,00-0019644,B.Franks,00-0019644
N.Luchey,00-0017896,N.Luchey,00-0017896
T.Fisher,00-0020964,T.Fisher,00-0020964
0,0,D.Driver,00-0004541
0,0,0,0
0,0,0,0
E.James,00-0008241,E.James,00-0008241
B.Stokley,00-0015754,B.Stokley,00-0015754
0,0,0,0
0,0,M.Harrison,00-0007024
0,0,0,0
A.Green,00-0006305,A.Green,00-0006305
0,0,D.Driver,00-0004541
W.Henderson,00-0007254,W.Henderson,00-0007254
J.Walker,00-0021153,J.Walker,00-0021153
0,0,D.Driver,00-0004541
W.Henderson,00-0007254,W.Henderson,00-0007254
A.Green,00-0006305,A.Green,00-0006305
0,0,J.Walker,00-0021153
J.Walker,00-0021153,J.Walker,00-0021153
0,0,0,0
R.Wayne,00-0020498,R.Wayne,00-0020498
B.Stokley,00-0015754,B.Stokley,00-0015754
M.Harrison,00-0007024,M.Harrison,00-0007024
0,0,R.Wayne,00-0020498
0,0,R.Wayne,00-0020498
0,0,0,0
D.Rhodes,00-0019863,D.Rhodes,00-0019863
J.Mungro,00-0020700,J.Mungro,00-0020700
0,0,0,0
0,0,0,0
A.Green,00-0006305,A.Green,00-0006305
J.Walker,00-0021153,J.Walker,00-0021153
A.Green,00-0006305,A.Green,00-0006305
0,0,B.Franks,00-0019644
0,0,0,0
P.Manning,00-0010346,P.Manning,00-0010346
0,0,0,0
0,0,D.Driver,00-0004541
J.Walker,00-0021153,J.Walker,00-0021153
D.Driver,00-0004541,D.Driver,00-0004541
A.Green,00-0006305,A.Green,00-0006305
A.Chatman,00-0019997,A.Chatman,00-0019997
A.Green,00-0006305,A.Green,00-0006305
T.Fisher,00-0020964,T.Fisher,00-0020964
0,0,D.Driver,00-0004541
T.Fisher,00-0020964,T.Fisher,00-0020964
A.Green,00-0006305,A.Green,00-0006305
J.Walker,00-0021153,J.Walker,00-0021153
0,0,0,0
0,0,0,0
0,0,M.Harrison,00-0007024
E.James,00-0008241,E.James,00-0008241
0,0,R.Wayne,00-0020498
0,0,0,0
A.Green,00-0006305,A.Green,00-0006305
B.Franks,00-0019644,B.Franks,00-0019644
A.Chatman,00-0019997,A.Chatman,00-0019997
A.Green,00-0006305,A.Green,00-0006305
0,0,J.Walker,00-0021153
J.Walker,00-0021153,J.Walker,00-0021153
A.Green,00-0006305,A.Green,00-0006305
0,0,R.Ferguson,00-0020428
0,0,T.Fisher,00-0020964
0,0,A.Chatman,00-0019997
D.Driver,00-0004541,D.Driver,00-0004541
0,0,D.Martin,00-0020332
0,0,0,0
E.James,00-0008241,E.James,00-0008241
E.James,00-0008241,E.James,00-0008241
E.James,00-0008241,E.James,00-0008241
R.Wayne,00-0020498,R.Wayne,00-0020498
E.James,00-0008241,E.James,00-0008241
E.James,00-0008241,E.James,00-0008241
E.James,00-0008241,E.James,00-0008241
0,0,0,0
0,0,B.Stokley,00-0015754
0,0,R.Wayne,00-0020498
0,0,0,0
E.James,00-0008241,E.James,00-0008241
0,0,0,0
0,0,0,0
0,0,A.Chatman,00-0019997
0,0,0,0
D.Driver,00-0004541,D.Driver,00-0004541
0,0,0,0
0,0,0,0
E.James,00-0008241,E.James,00-0008241
E.James,00-0008241,E.James,00-0008241
0,0,R.Wayne,00-0020498
0,0,0,0
J.Walker,00-0021153,J.Walker,00-0021153
A.Green,00-0006305,A.Green,00-0006305
0,0,R.Ferguson,00-0020428
0,0,0,0
0,0,A.Chatman,00-0019997
0,0,0,0
B.Stokley,00-0015754,B.Stokley,00-0015754
E.James,00-0008241,E.James,00-0008241
E.James,00-0008241,E.James,00-0008241
0,0,0,0
A.Green,00-0006305,A.Green,00-0006305
D.Driver,00-0004541,D.Driver,00-0004541
D.Driver,00-0004541,D.Driver,00-0004541
J.Walker,00-0021153,J.Walker,00-0021153
E.James,00-0008241,E.James,00-0008241
R.Wayne,00-0020498,R.Wayne,00-0020498
E.James,00-0008241,E.James,00-0008241
R.Wayne,00-0020498,R.Wayne,00-0020498
E.James,00-0008241,E.James,00-0008241
E.James,00-0008241,E.James,00-0008241
0,0,M.Harrison,00-0007024
E.James,00-0008241,E.James,00-0008241
E.James,00-0008241,E.James,00-0008241
E.James,00-0008241,E.James,00-0008241
0,0,0,0
0,0,0,0
T.Fisher,00-0020964,T.Fisher,00-0020964
B.Franks,00-0019644,B.Franks,00-0019644
R.Ferguson,00-0020428,R.Ferguson,00-0020428
T.Fisher,00-0020964,T.Fisher,00-0020964
0,0,D.Driver,00-0004541
0,0,D.Martin,00-0020332
P.Manning,00-0010346,P.Manning,00-0010346
0,0,0,0
0,0,0,0
0,0,0,0
0,0,E.James,00-0008241
E.James,00-0008241,E.James,00-0008241
0,0,M.Harrison,00-0007024
0,0,0,0
0,0,R.Williams,00-0022889
F.Taylor,00-0016098,F.Taylor,00-0016098
F.Taylor,00-0016098,F.Taylor,00-0016098
0,0,J.Smith,00-0015218
E.Wilford,00-0022901,E.Wilford,00-0022901
G.Jones,00-0022897,G.Jones,00-0022897
F.Taylor,00-0016098,F.Taylor,00-0016098
R.Williams,00-0022889,R.Williams,00-0022889
0,0,J.Smith,00-0015218
F.Taylor,00-0016098,F.Taylor,00-0016098
L.Toefield,00-0022057,L.Toefield,00-0022057
L.Toefield,00-0022057,L.Toefield,00-0022057
B.Stokley,00-0015754,B.Stokley,00-0015754
E.James,00-0008241,E.James,00-0008241
M.Harrison,00-0007024,M.Harrison,00-0007024
B.Stokley,00-0015754,B.Stokley,00-0015754
E.James,00-0008241,E.James,00-0008241
B.Stokley,00-0015754,B.Stokley,00-0015754
M.Harrison,00-0007024,M.Harrison,00-0007024
0,0,0,0
0,0,0,0
0,0,B.Jones,00-0022232
B.Jones,00-0022232,B.Jones,00-0022232
0,0,E.Wilford,00-0022901
F.Taylor,00-0016098,F.Taylor,00-0016098
0,0,M.Harrison,00-0007024
E.James,00-0008241,E.James,00-0008241
0,0,M.Harrison,00-0007024
0,0,0,0
F.Taylor,00-0016098,F.Taylor,00-0016098
J.Smith,00-0015218,J.Smith,00-0015218
F.Taylor,00-0016098,F.Taylor,00-0016098
F.Taylor,00-0016098,F.Taylor,00-0016098
G.Jones,00-0022897,G.Jones,00-0022897
F.Taylor,00-0016098,F.Taylor,00-0016098
G.Jones,00-0022897,G.Jones,00-0022897
0,0,0,0
T.Edwards,00-0004780,T.Edwards,00-0004780
0,0,R.Williams,00-0022889
F.Taylor,00-0016098,F.Taylor,00-0016098
F.Taylor,00-0016098,F.Taylor,00-0016098
0,0,J.Smith,00-0015218
0,0,0,0
E.James,00-0008241,E.James,00-0008241
E.James,00-0008241,E.James,00-0008241
R.Wayne,00-0020498,R.Wayne,00-0020498
E.James,00-0008241,E.James,00-0008241
E.James,00-0008241,E.James,00-0008241
0,0,D.Clark,00-0022165
0,0,0,0
F.Taylor,00-0016098,F.Taylor,00-0016098
F.Taylor,00-0016098,F.Taylor,00-0016098
L.Toefield,00-0022057,L.Toefield,00-0022057
G.Wrighster,00-0021980,G.Wrighster,00-0021980
L.Toefield,00-0022057,L.Toefield,00-0022057
F.Taylor,00-0016098,F.Taylor,00-0016098
F.Taylor,00-0016098,F.Taylor,00-0016098
L.Toefield,00-0022057,L.Toefield,00-0022057
L.Toefield,00-0022057,L.Toefield,00-0022057
L.Toefield,00-0022057,L.Toefield,00-0022057
0,0,0,0
0,0,0,0
0,0,M.Pollard,00-0013080
B.Stokley,00-0015754,B.Stokley,00-0015754
M.Pollard,00-0013080,M.Pollard,00-0013080
B.Stokley,00-0015754,B.Stokley,00-0015754
M.Harrison,00-0007024,M.Harrison,00-0007024
0,0,B.Stokley,00-0015754
0,0,M.Harrison,00-0007024
B.Stokley,00-0015754,B.Stokley,00-0015754
0,0,0,0
0,0,0,0
R.Williams,00-0022889,R.Williams,00-0022889
E.Wilford,00-0022901,E.Wilford,00-0022901
E.Wilford,00-0022901,E.Wilford,00-0022901
L.Toefield,00-0022057,L.Toefield,00-0022057
E.Wilford,00-0022901,E.Wilford,00-0022901
0,0,0,0
0,0,0,0
0,0,J.Smith,00-0015218
F.Taylor,00-0016098,F.Taylor,00-0016098
F.Taylor,00-0016098,F.Taylor,00-0016098
0,0,0,0
J.Smith,00-0015218,J.Smith,00-0015218
G.Wrighster,00-0021980,G.Wrighster,00-0021980
F.Taylor,00-0016098,F.Taylor,00-0016098
F.Taylor,00-0016098,F.Taylor,00-0016098
L.Toefield,00-0022057,L.Toefield,00-0022057
L.Toefield,00-0022057,L.Toefield,00-0022057
L.Toefield,00-0022057,L.Toefield,00-0022057
0,0,0,0
0,0,0,0
0,0,0,0
E.James,00-0008241,E.James,00-0008241
E.James,00-0008241,E.James,00-0008241
E.James,00-0008241,E.James,00-0008241
M.Pollard,00-0013080,M.Pollard,00-0013080
E.James,00-0008241,E.James,00-0008241
E.James,00-0008241,E.James,00-0008241
D.Rhodes,00-0019863,D.Rhodes,00-0019863
D.Rhodes,00-0019863,D.Rhodes,00-0019863
D.Rhodes,00-0019863,D.Rhodes,00-0019863
M.Pollard,00-0013080,M.Pollard,00-0013080
0,0,0,0
0,0,0,0
F.Taylor,00-0016098,F.Taylor,00-0016098
0,0,T.Edwards,00-0004780
F.Taylor,00-0016098,F.Taylor,00-0016098
0,0,0,0
T.Edwards,00-0004780,T.Edwards,00-0004780
L.Toefield,00-0022057,L.Toefield,00-0022057
0,0,0,0
0,0,L.Toefield,00-0022057
T.Edwards,00-0004780,T.Edwards,00-0004780
E.Wilford,00-0022901,E.Wilford,00-0022901
G.Jones,00-0022897,G.Jones,00-0022897
F.Taylor,00-0016098,F.Taylor,00-0016098
0,0,T.Edwards,00-0004780
0,0,0,0
0,0,0,0
0,0,D.Clark,00-0022165
R.Williams,00-0022889,R.Williams,00-0022889
0,0,T.Yoder,00-0019127
F.Taylor,00-0016098,F.Taylor,00-0016098
J.Smith,00-0015218,J.Smith,00-0015218
B.Jones,00-0022232,B.Jones,00-0022232
0,0,0,0
E.James,00-0008241,E.James,00-0008241
E.James,00-0008241,E.James,00-0008241
0,0,M.Harrison,00-0007024
D.Rhodes,00-0019863,D.Rhodes,00-0019863
B.Stokley,00-0015754,B.Stokley,00-0015754
E.James,00-0008241,E.James,00-0008241
E.James,00-0008241,E.James,00-0008241
M.Harrison,00-0007024,M.Harrison,00-0007024
D.Rhodes,00-0019863,D.Rhodes,00-0019863
R.Wayne,00-0020498,R.Wayne,00-0020498
E.James,00-0008241,E.James,00-0008241
E.James,00-0008241,E.James,00-0008241
B.Stokley,00-0015754,B.Stokley,00-0015754
E.James,00-0008241,E.James,00-0008241
0,0,0,0
0,0,0,0
0,0,G.Jones,00-0022897
T.Edwards,00-0004780,T.Edwards,00-0004780
0,0,R.Williams,00-0022889
E.Wilford,00-0022901,E.Wilford,00-0022901
0,0,B.Jones,00-0022232
0,0,B.Jones,00-0022232
G.Wrighster,00-0021980,G.Wrighster,00-0021980
F.Taylor,00-0016098,F.Taylor,00-0016098
E.James,00-0008241,E.James,00-0008241
E.James,00-0008241,E.James,00-0008241
P.Manning,00-0010346,P.Manning,00-0010346
P.Manning,00-0010346,P.Manning,00-0010346
P.Manning,00-0010346,P.Manning,00-0010346
0,0,0,0
0,0,0,0
E.James,00-0008241,E.James,00-0008241
E.James,00-0008241,E.James,00-0008241
0,0,0,0
E.James,00-0008241,E.James,00-0008241
0,0,R.Wayne,00-0020498
B.Stokley,00-0015754,B.Stokley,00-0015754
E.James,00-0008241,E.James,00-0008241
R.Wayne,00-0020498,R.Wayne,00-0020498
E.James,00-0008241,E.James,00-0008241
E.James,00-0008241,E.James,00-0008241
J.Mungro,00-0020700,J.Mungro,00-0020700
0,0,0,0
0,0,0,0
A.Zereoue,00-0018501,A.Zereoue,00-0018501
R.Curry,00-0021337,R.Curry,00-0021337
J.Porter,00-0019703,J.Porter,00-0019703
0,0,D.Gabriel,00-0022102
A.Zereoue,00-0018501,A.Zereoue,00-0018501
0,0,R.Curry,00-0021337
E.James,00-0008241,E.James,00-0008241
E.James,00-0008241,E.James,00-0008241
0,0,E.James,00-0008241
M.Harrison,00-0007024,M.Harrison,00-0007024
0,0,R.Wayne,00-0020498
0,0,0,0
A.Zereoue,00-0018501,A.Zereoue,00-0018501
A.Zereoue,00-0018501,A.Zereoue,00-0018501
0,0,0,0
0,0,0,0
0,0,J.Redmond,00-0019722
0,0,0,0
E.James,00-0008241,E.James,00-0008241
E.James,00-0008241,E.James,00-0008241
E.James,00-0008241,E.James,00-0008241
0,0,0,0
E.James,00-0008241,E.James,00-0008241
M.Harrison,00-0007024,M.Harrison,00-0007024
0,0,D.Clark,00-0022165
0,0,0,0
R.Wayne,00-0020498,R.Wayne,00-0020498
0,0,0,0
0,0,0,0
A.Zereoue,00-0018501,A.Zereoue,00-0018501
A.Zereoue,00-0018501,A.Zereoue,00-0018501
J.Porter,00-0019703,J.Porter,00-0019703
R.Curry,00-0021337,R.Curry,00-0021337
A.Zereoue,00-0018501,A.Zereoue,00-0018501
D.Gabriel,00-0022102,D.Gabriel,00-0022102
A.Zereoue,00-0018501,A.Zereoue,00-0018501
A.Zereoue,00-0018501,A.Zereoue,00-0018501
J.Fargas,00-0022093,J.Fargas,00-0022093
0,0,0,0
0,0,0,0
E.James,00-0008241,E.James,00-0008241
E.James,00-0008241,E.James,00-0008241
R.Wayne,00-0020498,R.Wayne,00-0020498
E.James,00-0008241,E.James,00-0008241
E.James,00-0008241,E.James,00-0008241
E.James,00-0008241,E.James,00-0008241
D.Rhodes,00-0019863,D.Rhodes,00-0019863
D.Rhodes,00-0019863,D.Rhodes,00-0019863
0,0,B.Stokley,00-0015754
0,0,R.Wayne,00-0020498
E.James,00-0008241,E.James,00-0008241
D.Clark,00-0022165,D.Clark,00-0022165
0,0,0,0
0,0,0,0
R.Curry,00-0021337,R.Curry,00-0021337
D.Jolley,00-0021183,D.Jolley,00-0021183
J.Redmond,00-0019722,J.Redmond,00-0019722
J.Redmond,00-0019722,J.Redmond,00-0019722
R.Curry,00-0021337,R.Curry,00-0021337
0,0,0,0
0,0,D.Gabriel,00-0022102
0,0,0,0
P.Manning,00-0010346,P.Manning,00-0010346
0,0,0,0
A.Zereoue,00-0018501,A.Zereoue,00-0018501
R.Curry,00-0021337,R.Curry,00-0021337
0,0,A.Zereoue,00-0018501
0,0,J.Porter,00-0019703
J.Porter,00-0019703,J.Porter,00-0019703
0,0,0,0
0,0,0,0
E.James,00-0008241,E.James,00-0008241
B.Stokley,00-0015754,B.Stokley,00-0015754
E.James,00-0008241,E.James,00-0008241
E.James,00-0008241,E.James,00-0008241
E.James,00-0008241,E.James,00-0008241
0,0,B.Stokley,00-0015754
B.Stokley,00-0015754,B.Stokley,00-0015754
E.James,00-0008241,E.James,00-0008241
0,0,R.Wayne,00-0020498
K.Collins,00-0003292,K.Collins,00-0003292
A.Zereoue,00-0018501,A.Zereoue,00-0018501
A.Zereoue,00-0018501,A.Zereoue,00-0018501
0,0,D.Gabriel,00-0022102
R.Curry,00-0021337,R.Curry,00-0021337
0,0,0,0
0,0,0,0
E.James,00-0008241,E.James,00-0008241
E.James,00-0008241,E.James,00-0008241
E.James,00-0008241,E.James,00-0008241
0,0,0,0
D.Rhodes,00-0019863,D.Rhodes,00-0019863
D.Rhodes,00-0019863,D.Rhodes,00-0019863
M.Harrison,00-0007024,M.Harrison,00-0007024
0,0,0,0
0,0,M.Harrison,00-0007024
E.James,00-0008241,E.James,00-0008241
0,0,D.Clark,00-0022165
0,0,M.Harrison,00-0007024
E.James,00-0008241,E.James,00-0008241
E.James,00-0008241,E.James,00-0008241
0,0,0,0
0,0,0,0
0,0,D.Gabriel,00-0022102
E.James,00-0008241,E.James,00-0008241
R.Wayne,00-0020498,R.Wayne,00-0020498
E.James,00-0008241,E.James,00-0008241
E.James,00-0008241,E.James,00-0008241
D.Rhodes,00-0019863,D.Rhodes,00-0019863
0,0,B.Stokley,00-0015754
0,0,0,0
A.Zereoue,00-0018501,A.Zereoue,00-0018501
A.Zereoue,00-0018501,A.Zereoue,00-0018501
0,0,R.Curry,00-0021337
A.Zereoue,00-0018501,A.Zereoue,00-0018501
J.Porter,00-0019703,J.Porter,00-0019703
0,0,C.Anderson,00-0022704
A.Zereoue,00-0018501,A.Zereoue,00-0018501
C.Anderson,00-0022704,C.Anderson,00-0022704
0,0,0,0
0,0,0,0
E.James,00-0008241,E.James,00-0008241
E.James,00-0008241,E.James,00-0008241
0,0,B.Stokley,00-0015754
0,0,0,0
C.Anderson,00-0022704,C.Anderson,00-0022704
C.Anderson,00-0022704,C.Anderson,00-0022704
R.Curry,00-0021337,R.Curry,00-0021337
A.Zereoue,00-0018501,A.Zereoue,00-0018501
0,0,J.Rice,00-0013639
0,0,J.Redmond,00-0019722
0,0,D.Gabriel,00-0022102
0,0,D.Gabriel,00-0022102
0,0,J.Porter,00-0019703
D.Rhodes,00-0019863,D.Rhodes,00-0019863
D.Rhodes,00-0019863,D.Rhodes,00-0019863
R.Wayne,00-0020498,R.Wayne,00-0020498
0,0,0,0
R.Curry,00-0021337,R.Curry,00-0021337
0,0,J.Porter,00-0019703
0,0,0,0
0,0,0,0
R.Curry,00-0021337,R.Curry,00-0021337
0,0,C.Anderson,00-0022704
J.Redmond,00-0019722,J.Redmond,00-0019722
0,0,R.Curry,00-0021337
0,0,A.Whitted,00-0017611
0,0,0,0
R.Curry,00-0021337,R.Curry,00-0021337
P.Manning,00-0010346,P.Manning,00-0010346
0,0,0,0
0,0,0,0
0,0,R.Wayne,00-0020498
E.James,00-0008241,E.James,00-0008241
E.James,00-0008241,E.James,00-0008241
J.Mungro,00-0020700,J.Mungro,00-0020700
R.Wayne,00-0020498,R.Wayne,00-0020498
E.James,00-0008241,E.James,00-0008241
0,0,0,0
E.James,00-0008241,E.James,00-0008241
0,0,B.Stokley,00-0015754
0,0,0,0
R.Williams,00-0022889,R.Williams,00-0022889
F.Taylor,00-0016098,F.Taylor,00-0016098
F.Taylor,00-0016098,F.Taylor,00-0016098
F.Taylor,00-0016098,F.Taylor,00-0016098
F.Taylor,00-0016098,F.Taylor,00-0016098
F.Taylor,00-0016098,F.Taylor,00-0016098
0,0,0,0
0,0,E.James,00-0008241
E.James,00-0008241,E.James,00-0008241
B.Stokley,00-0015754,B.Stokley,00-0015754
E.James,00-0008241,E.James,00-0008241
E.James,00-0008241,E.James,00-0008241
E.James,00-0008241,E.James,00-0008241
E.James,00-0008241,E.James,00-0008241
B.Stokley,00-0015754,B.Stokley,00-0015754
F.Taylor,00-0016098,F.Taylor,00-0016098
0,0,F.Taylor,00-0016098
F.Taylor,00-0016098,F.Taylor,00-0016098
J.Smith,00-0015218,J.Smith,00-0015218
F.Taylor,00-0016098,F.Taylor,00-0016098
0,0,0,0
F.Taylor,00-0016098,F.Taylor,00-0016098
F.Taylor,00-0016098,F.Taylor,00-0016098
K.Brady,00-0001661,K.Brady,00-0001661
0,0,0,0
0,0,0,0
0,0,0,0
0,0,B.Stokley,00-0015754
E.James,00-0008241,E.James,00-0008241
B.Stokley,00-0015754,B.Stokley,00-0015754
B.Stokley,00-0015754,B.Stokley,00-0015754
M.Harrison,00-0007024,M.Harrison,00-0007024
E.James,00-0008241,E.James,00-0008241
M.Harrison,00-0007024,M.Harrison,00-0007024
0,0,0,0
0,0,0,0
T.Yoder,00-0019127,T.Yoder,00-0019127
G.Jones,00-0022897,G.Jones,00-0022897
0,0,0,0
T.Edwards,00-0004780,T.Edwards,00-0004780
F.Taylor,00-0016098,F.Taylor,00-0016098
G.Jones,00-0022897,G.Jones,00-0022897
R.Williams,00-0022889,R.Williams,00-0022889
F.Taylor,00-0016098,F.Taylor,00-0016098
F.Taylor,00-0016098,F.Taylor,00-0016098
0,0,0,0
0,0,B.Jones,00-0022232
F.Taylor,00-0016098,F.Taylor,00-0016098
0,0,B.Jones,00-0022232
0,0,0,0
0,0,0,0
0,0,0,0
E.James,00-0008241,E.James,00-0008241
M.Pollard,00-0013080,M.Pollard,00-0013080
0,0,B.Stokley,00-0015754
E.James,00-0008241,E.James,00-0008241
M.Harrison,00-0007024,M.Harrison,00-0007024
M.Harrison,00-0007024,M.Harrison,00-0007024
M.Pollard,00-0013080,M.Pollard,00-0013080
0,0,M.Harrison,00-0007024
D.Clark,00-0022165,D.Clark,00-0022165
0,0,0,0
0,0,0,0
F.Taylor,00-0016098,F.Taylor,00-0016098
0,0,0,0
0,0,R.Williams,00-0022889
0,0,J.Smith,00-0015218
0,0,B.Stokley,00-0015754
E.James,00-0008241,E.James,00-0008241
E.James,00-0008241,E.James,00-0008241
0,0,0,0
M.Edwards,00-0004768,M.Edwards,00-0004768
J.Smith,00-0015218,J.Smith,00-0015218
F.Taylor,00-0016098,F.Taylor,00-0016098
0,0,0,0
0,0,R.Williams,00-0022889
J.Smith,00-0015218,J.Smith,00-0015218
L.Toefield,00-0022057,L.Toefield,00-0022057
0,0,B.Jones,00-0022232
T.Yoder,00-0019127,T.Yoder,00-0019127
0,0,0,0
B.Leftwich,00-0022177,C.Naeole,00-0011905
0,0,M.Harrison,00-0007024
E.James,00-0008241,E.James,00-0008241
0,0,B.Stokley,00-0015754
0,0,0,0
F.Taylor,00-0016098,F.Taylor,00-0016098
F.Taylor,00-0016098,F.Taylor,00-0016098
K.Brady,00-0001661,K.Brady,00-0001661
L.Toefield,00-0022057,L.Toefield,00-0022057
L.Toefield,00-0022057,L.Toefield,00-0022057
F.Taylor,00-0016098,F.Taylor,00-0016098
0,0,0,0
0,0,0,0
0,0,0,0
D.Clark,00-0022165,D.Clark,00-0022165
T.Edwards,00-0004780,T.Edwards,00-0004780
J.Smith,00-0015218,J.Smith,00-0015218
G.Jones,00-0022897,G.Jones,00-0022897
B.Leftwich,00-0022177,B.Leftwich,00-0022177
0,0,0,0
0,0,F.Taylor,00-0016098
0,0,0,0
0,0,0,0
E.James,00-0008241,E.James,00-0008241
E.James,00-0008241,E.James,00-0008241
0,0,0,0
E.James,00-0008241,E.James,00-0008241
B.Stokley,00-0015754,B.Stokley,00-0015754
E.James,00-0008241,E.James,00-0008241
B.Stokley,00-0015754,B.Stokley,00-0015754
0,0,M.Harrison,00-0007024
0,0,M.Harrison,00-0007024
E.James,00-0008241,E.James,00-0008241
0,0,M.Pollard,00-0013080
0,0,0,0
0,0,0,0
0,0,0,0
T.Edwards,00-0004780,T.Edwards,00-0004780
F.Taylor,00-0016098,F.Taylor,00-0016098
0,0,J.Smith,00-0015218
F.Taylor,00-0016098,F.Taylor,00-0016098
F.Taylor,00-0016098,F.Taylor,00-0016098
J.Smith,00-0015218,J.Smith,00-0015218
E.Wilford,00-0022901,E.Wilford,00-0022901
0,0,0,0
E.James,00-0008241,E.James,00-0008241
0,0,M.Harrison,00-0007024
E.James,00-0008241,E.James,00-0008241
E.James,00-0008241,E.James,00-0008241
0,0,B.Stokley,00-0015754
D.Clark,00-0022165,D.Clark,00-0022165
M.Harrison,00-0007024,M.Harrison,00-0007024
0,0,0,0
0,0,0,0
F.Taylor,00-0016098,F.Taylor,00-0016098
T.Yoder,00-0019127,T.Yoder,00-0019127
F.Taylor,00-0016098,F.Taylor,00-0016098
0,0,0,0
E.Wilford,00-0022901,E.Wilford,00-0022901
0,0,F.Taylor,00-0016098
F.Taylor,00-0016098,F.Taylor,00-0016098
0,0,0,0
0,0,0,0
0,0,0,0
0,0,0,0
M.Pollard,00-0013080,M.Pollard,00-0013080
0,0,0,0
R.Wayne,00-0020498,R.Wayne,00-0020498
0,0,0,0
B.Stokley,00-0015754,B.Stokley,00-0015754
0,0,0,0
0,0,0,0
0,0,0,0
0,0,R.Wayne,00-0020498
E.James,00-0008241,E.James,00-0008241
0,0,R.Wayne,00-0020498
0,0,0,0
H.Smith,00-0015194,H.Smith,00-0015194
P.Holmes,00-0007661,P.Holmes,00-0007661
P.Holmes,00-0007661,P.Holmes,00-0007661
T.Gonzalez,00-0006101,T.Gonzalez,00-0006101
0,0,J.Morton,00-0011727
P.Holmes,00-0007661,P.Holmes,00-0007661
D.Blaylock,00-0020315,D.Blaylock,00-0020315
P.Holmes,00-0007661,P.Holmes,00-0007661
P.Holmes,00-0007661,P.Holmes,00-0007661
P.Holmes,00-0007661,P.Holmes,00-0007661
P.Holmes,00-0007661,P.Holmes,00-0007661
E.James,00-0008241,E.James,00-0008241
E.James,00-0008241,E.James,00-0008241
R.Wayne,00-0020498,R.Wayne,00-0020498
E.James,00-0008241,E.James,00-0008241
E.James,00-0008241,E.James,00-0008241
0,0,R.Wayne,00-0020498
E.James,00-0008241,E.James,00-0008241
0,0,M.Harrison,00-0007024
0,0,M.Harrison,00-0007024
M.Harrison,00-0007024,M.Harrison,00-0007024
0,0,0,0
0,0,0,0
J.Morton,00-0011727,J.Morton,00-0011727
E.Kennison,00-0009163,E.Kennison,00-0009163
P.Holmes,00-0007661,P.Holmes,00-0007661
P.Holmes,00-0007661,P.Holmes,00-0007661
J.Morton,00-0011727,J.Morton,00-0011727
T.Gonzalez,00-0006101,T.Gonzalez,00-0006101
0,0,0,0
0,0,0,0
0,0,M.Harrison,00-0007024
E.James,00-0008241,E.James,00-0008241
0,0,M.Harrison,00-0007024
0,0,0,0
E.Kennison,00-0009163,E.Kennison,00-0009163
0,0,0,0
P.Holmes,00-0007661,P.Holmes,00-0007661
J.Morton,00-0011727,J.Morton,00-0011727
0,0,0,0
0,0,0,0
0,0,0,0
E.James,00-0008241,E.James,00-0008241
E.James,00-0008241,E.James,00-0008241
0,0,M.Harrison,00-0007024
E.James,00-0008241,E.James,00-0008241
0,0,B.Stokley,00-0015754
0,0,0,0
E.Kennison,00-0009163,E.Kennison,00-0009163
0,0,P.Holmes,00-0007661
P.Holmes,00-0007661,P.Holmes,00-0007661
J.Morton,00-0011727,J.Morton,00-0011727
T.Gonzalez,00-0006101,T.Gonzalez,00-0006101
P.Holmes,00-0007661,P.Holmes,00-0007661
0,0,0,0
0,0,0,0
E.James,00-0008241,E.James,00-0008241
E.James,00-0008241,E.James,00-0008241
D.Rhodes,00-0019863,D.Rhodes,00-0019863
M.Pollard,00-0013080,M.Pollard,00-0013080
M.Pollard,00-0013080,M.Pollard,00-0013080
0,0,0,0
0,0,0,0
P.Holmes,00-0007661,P.Holmes,00-0007661
P.Holmes,00-0007661,P.Holmes,00-0007661
0,0,0,0
0,0,0,0
M.Harrison,00-0007024,M.Harrison,00-0007024
E.James,00-0008241,E.James,00-0008241
0,0,R.Wayne,00-0020498
0,0,B.Stokley,00-0015754
0,0,0,0
P.Holmes,00-0007661,P.Holmes,00-0007661
D.Blaylock,00-0020315,D.Blaylock,00-0020315
T.Gonzalez,00-0006101,T.Gonzalez,00-0006101
0,0,P.Holmes,00-0007661
D.Hall,00-0019539,D.Hall,00-0019539
D.Blaylock,00-0020315,D.Blaylock,00-0020315
0,0,J.Morton,00-0011727
D.Blaylock,00-0020315,D.Blaylock,00-0020315
0,0,E.Kennison,00-0009163
0,0,0,0
0,0,0,0
D.Clark,00-0022165,D.Clark,00-0022165
0,0,B.Stokley,00-0015754
0,0,R.Wayne,00-0020498
B.Stokley,00-0015754,B.Stokley,00-0015754
0,0,M.Harrison,00-0007024
0,0,B.Stokley,00-0015754
0,0,0,0
0,0,M.Harrison,00-0007024
0,0,0,0
L.Johnson,00-0021976,L.Johnson,00-0021976
0,0,0,0
T.Gonzalez,00-0006101,T.Gonzalez,00-0006101
P.Holmes,00-0007661,P.Holmes,00-0007661
P.Holmes,00-0007661,P.Holmes,00-0007661
0,0,D.Hall,00-0019539
0,0,0,0
D.Clark,00-0022165,D.Clark,00-0022165
M.Harrison,00-0007024,M.Harrison,00-0007024
M.Harrison,00-0007024,M.Harrison,00-0007024
0,0,0,0
0,0,0,0
P.Holmes,00-0007661,P.Holmes,00-0007661
E.Kennison,00-0009163,E.Kennison,00-0009163
0,0,0,0
P.Holmes,00-0007661,P.Holmes,00-0007661
D.Hall,00-0019539,D.Hall,00-0019539
J.Morton,00-0011727,J.Morton,00-0011727
P.Holmes,00-0007661,P.Holmes,00-0007661
P.Holmes,00-0007661,P.Holmes,00-0007661
0,0,T.Gonzalez,00-0006101
P.Holmes,00-0007661,P.Holmes,00-0007661
S.Cheek,00-0019790,S.Cheek,00-0019790
E.James,00-0008241,E.James,00-0008241
0,0,D.Clark,00-0022165
R.Wayne,00-0020498,R.Wayne,00-0020498
R.Wayne,00-0020498,R.Wayne,00-0020498
0,0,0,0
0,0,0,0
P.Holmes,00-0007661,P.Holmes,00-0007661
T.Gonzalez,00-0006101,T.Gonzalez,00-0006101
0,0,E.Kennison,00-0009163
P.Holmes,00-0007661,P.Holmes,00-0007661
D.Hall,00-0019539,D.Hall,00-0019539
D.Blaylock,00-0020315,D.Blaylock,00-0020315
P.Holmes,00-0007661,P.Holmes,00-0007661
0,0,0,0
P.Holmes,00-0007661,P.Holmes,00-0007661
P.Holmes,00-0007661,P.Holmes,00-0007661
P.Holmes,00-0007661,P.Holmes,00-0007661
0,0,0,0
P.Holmes,00-0007661,P.Holmes,00-0007661
0,0,0,0
0,0,0,0
E.James,00-0008241,E.James,00-0008241
0,0,E.James,00-0008241
M.Harrison,00-0007024,M.Harrison,00-0007024
0,0,0,0
0,0,0,0
P.Holmes,00-0007661,P.Holmes,00-0007661
J.Morton,00-0011727,J.Morton,00-0011727
P.Holmes,00-0007661,P.Holmes,00-0007661
0,0,P.Holmes,00-0007661
P.Holmes,00-0007661,P.Holmes,00-0007661
0,0,0,0
D.Clark,00-0022165,D.Clark,00-0022165
R.Wayne,00-0020498,R.Wayne,00-0020498
0,0,R.Wayne,00-0020498
E.James,00-0008241,E.James,00-0008241
0,0,M.Harrison,00-0007024
0,0,M.Harrison,00-0007024
R.Wayne,00-0020498,R.Wayne,00-0020498
R.Wayne,00-0020498,R.Wayne,00-0020498
0,0,0,0
0,0,0,0
J.Morton,00-0011727,J.Morton,00-0011727
P.Holmes,00-0007661,P.Holmes,00-0007661
T.Richardson,00-0013694,T.Richardson,00-0013694
P.Holmes,00-0007661,P.Holmes,00-0007661
E.Kennison,00-0009163,E.Kennison,00-0009163
P.Holmes,00-0007661,P.Holmes,00-0007661
T.Gonzalez,00-0006101,T.Gonzalez,00-0006101
T.Gonzalez,00-0006101,T.Gonzalez,00-0006101
0,0,0,0
0,0,0,0
B.Stokley,00-0015754,B.Stokley,00-0015754
M.Pollard,00-0013080,M.Pollard,00-0013080
0,0,0,0
T.Green,00-0006355,T.Green,00-0006355
T.Green,00-0006355,T.Green,00-0006355
T.Green,00-0006355,T.Green,00-0006355
0,0,0,0
0,0,0,0
D.Culpepper,00-0003739,M.Birk,00-0001263
O.Smith,00-0022138,O.Smith,00-0022138
M.Bennett,00-0020514,M.Bennett,00-0020514
0,0,0,0
E.James,00-0008241,E.James,00-0008241
E.James,00-0008241,E.James,00-0008241
E.James,00-0008241,E.James,00-0008241
E.James,00-0008241,E.James,00-0008241
E.James,00-0008241,E.James,00-0008241
R.Wayne,00-0020498,R.Wayne,00-0020498
0,0,M.Harrison,00-0007024
R.Wayne,00-0020498,R.Wayne,00-0020498
0,0,0,0
0,0,0,0
O.Smith,00-0022138,O.Smith,00-0022138
O.Smith,00-0022138,O.Smith,00-0022138
O.Smith,00-0022138,O.Smith,00-0022138
O.Smith,00-0022138,O.Smith,00-0022138
0,0,K.Campbell,00-0020754
0,0,0,0
0,0,E.James,00-0008241
E.James,00-0008241,E.James,00-0008241
E.James,00-0008241,E.James,00-0008241
E.James,00-0008241,E.James,00-0008241
M.Harrison,00-0007024,M.Harrison,00-0007024
E.James,00-0008241,E.James,00-0008241
0,0,0,0
M.Harrison,00-0007024,M.Harrison,00-0007024
0,0,E.James,00-0008241
E.James,00-0008241,E.James,00-0008241
R.Wayne,00-0020498,R.Wayne,00-0020498
0,0,R.Wayne,00-0020498
E.James,00-0008241,E.James,00-0008241
0,0,0,0
M.Pollard,00-0013080,M.Pollard,00-0013080
0,0,0,0
0,0,0,0
O.Smith,00-0022138,O.Smith,00-0022138
0,0,0,0
J.Wiggins,00-0017644,J.Wiggins,00-0017644
0,0,0,0
0,0,0,0
E.James,00-0008241,E.James,00-0008241
M.Harrison,00-0007024,M.Harrison,00-0007024
B.Stokley,00-0015754,B.Stokley,00-0015754
E.James,00-0008241,E.James,00-0008241
B.Stokley,00-0015754,B.Stokley,00-0015754
E.James,00-0008241,E.James,00-0008241
E.James,00-0008241,E.James,00-0008241
J.Mungro,00-0020700,J.Mungro,00-0020700
D.Rhodes,00-0019863,D.Rhodes,00-0019863
0,0,E.James,00-0008241
0,0,M.Harrison,00-0007024
0,0,0,0
0,0,0,0
0,0,0,0
O.Smith,00-0022138,O.Smith,00-0022138
O.Smith,00-0022138,O.Smith,00-0022138
O.Smith,00-0022138,O.Smith,00-0022138
M.Robinson,00-0013888,M.Robinson,00-0013888
0,0,0,0
D.Culpepper,00-0003739,D.Culpepper,00-0003739
K.Campbell,00-0020754,K.Campbell,00-0020754
D.Culpepper,00-0003739,D.Culpepper,00-0003739
M.Robinson,00-0013888,M.Robinson,00-0013888
M.Williams,00-0017892,M.Williams,00-0017892
0,0,0,0
0,0,M.Williams,00-0017892
M.Williams,00-0017892,M.Williams,00-0017892
0,0,0,0
0,0,0,0
E.James,00-0008241,E.James,00-0008241
E.James,00-0008241,E.James,00-0008241
M.Harrison,00-0007024,M.Harrison,00-0007024
0,0,E.James,00-0008241
0,0,R.Wayne,00-0020498
D.Clark,00-0022165,D.Clark,00-0022165
P.Manning,00-0010346,P.Manning,00-0010346
0,0,0,0
D.Culpepper,00-0003739,D.Culpepper,00-0003739
0,0,0,0
E.James,00-0008241,E.James,00-0008241
E.James,00-0008241,E.James,00-0008241
0,0,0,0
0,0,B.Stokley,00-0015754
0,0,0,0
J.Wiggins,00-0017644,J.Wiggins,00-0017644
M.Bennett,00-0020514,M.Bennett,00-0020514
M.Bennett,00-0020514,M.Bennett,00-0020514
0,0,0,0
M.Bennett,00-0020514,M.Bennett,00-0020514
0,0,0,0
M.Harrison,00-0007024,M.Harrison,00-0007024
E.James,00-0008241,E.James,00-0008241
M.Harrison,00-0007024,M.Harrison,00-0007024
0,0,D.Clark,00-0022165
D.Clark,00-0022165,D.Clark,00-0022165
E.James,00-0008241,E.James,00-0008241
D.Clark,00-0022165,D.Clark,00-0022165
0,0,0,0
0,0,0,0
J.Wiggins,00-0017644,J.Wiggins,00-0017644
J.Wiggins,00-0017644,J.Wiggins,00-0017644
M.Bennett,00-0020514,M.Bennett,00-0020514
M.Bennett,00-0020514,M.Bennett,00-0020514
0,0,0,0
M.Bennett,00-0020514,M.Bennett,00-0020514
J.Wiggins,00-0017644,J.Wiggins,00-0017644
O.Smith,00-0022138,O.Smith,00-0022138
O.Smith,00-0022138,O.Smith,00-0022138
M.Williams,00-0017892,M.Williams,00-0017892
N.Burleson,00-0021999,N.Burleson,00-0021999
0,0,0,0
0,0,0,0
E.James,00-0008241,E.James,00-0008241
E.James,00-0008241,E.James,00-0008241
E.James,00-0008241,E.James,00-0008241
E.James,00-0008241,E.James,00-0008241
E.James,00-0008241,E.James,00-0008241
D.Rhodes,00-0019863,D.Rhodes,00-0019863
M.Pollard,00-0013080,M.Pollard,00-0013080
0,0,0,0
0,0,0,0
0,0,0,0
O.Smith,00-0022138,O.Smith,00-0022138
O.Smith,00-0022138,O.Smith,00-0022138
0,0,0,0
O.Smith,00-0022138,O.Smith,00-0022138
M.Robinson,00-0013888,M.Robinson,00-0013888
D.Culpepper,00-0003739,D.Culpepper,00-0003739
D.Culpepper,00-0003739,D.Culpepper,00-0003739
O.Smith,00-0022138,O.Smith,00-0022138
0,0,0,0
0,0,0,0
E.James,00-0008241,E.James,00-0008241
P.Manning,00-0010346,P.Manning,00-0010346
E.James,00-0008241,E.James,00-0008241
E.James,00-0008241,E.James,00-0008241
E.James,00-0008241,E.James,00-0008241
E.James,00-0008241,E.James,00-0008241
P.Manning,00-0010346,P.Manning,00-0010346
P.Manning,00-0010346,P.Manning,00-0010346
0,0,0,0
0,0,0,0
0,0,0,0
0,0,0,0
0,0,B.Miller,00-0011236
A.Johnson,00-0022044,A.Johnson,00-0022044
0,0,C.Bradford,00-0001627
0,0,0,0
E.James,00-0008241,E.James,00-0008241
0,0,M.Pollard,00-0013080
D.Clark,00-0022165,D.Clark,00-0022165
E.James,00-0008241,E.James,00-0008241
E.James,00-0008241,E.James,00-0008241
M.Pollard,00-0013080,M.Pollard,00-0013080
M.Harrison,00-0007024,M.Harrison,00-0007024
E.James,00-0008241,E.James,00-0008241
E.James,00-0008241,E.James,00-0008241
E.James,00-0008241,E.James,00-0008241
B.Stokley,00-0015754,B.Stokley,00-0015754
0,0,0,0
0,0,0,0
0,0,0,0
0,0,0,0
D.Davis,00-0021979,D.Davis,00-0021979
D.Davis,00-0021979,D.Davis,00-0021979
C.Bradford,00-0001627,C.Bradford,00-0001627
D.Davis,00-0021979,D.Davis,00-0021979
D.Davis,00-0021979,D.Davis,00-0021979
0,0,A.Johnson,00-0022044
0,0,0,0
0,0,R.Wayne,00-0020498
E.James,00-0008241,E.James,00-0008241
0,0,0,0
0,0,0,0
0,0,0,0
D.Davis,00-0021979,D.Davis,00-0021979
0,0,0,0
0,0,0,0
0,0,0,0
0,0,0,0
0,0,E.James,00-0008241
0,0,B.Stokley,00-0015754
E.James,00-0008241,E.James,00-0008241
0,0,0,0
B.Stokley,00-0015754,B.Stokley,00-0015754
E.James,00-0008241,E.James,00-0008241
E.James,00-0008241,E.James,00-0008241
B.Stokley,00-0015754,B.Stokley,00-0015754
0,0,0,0
E.James,00-0008241,E.James,00-0008241
E.James,00-0008241,E.James,00-0008241
0,0,R.Wayne,00-0020498
R.Wayne,00-0020498,R.Wayne,00-0020498
0,0,0,0
0,0,0,0
A.Johnson,00-0022044,A.Johnson,00-0022044
D.Davis,00-0021979,D.Davis,00-0021979
D.Davis,00-0021979,D.Davis,00-0021979
D.Davis,00-0021979,D.Davis,00-0021979
0,0,J.Gaffney,00-0021163
D.Davis,00-0021979,D.Davis,00-0021979
0,0,0,0
M.Pollard,00-0013080,M.Pollard,00-0013080
E.James,00-0008241,E.James,00-0008241
E.James,00-0008241,E.James,00-0008241
0,0,0,0
A.Johnson,00-0022044,A.Johnson,00-0022044
A.Johnson,00-0022044,A.Johnson,00-0022044
0,0,A.Johnson,00-0022044
D.Davis,00-0021979,D.Davis,00-0021979
0,0,J.Wells,00-0021223
0,0,0,0
E.James,00-0008241,E.James,00-0008241
D.Clark,00-0022165,D.Clark,00-0022165
0,0,0,0
0,0,0,0
D.Davis,00-0021979,D.Davis,00-0021979
D.Davis,00-0021979,D.Davis,00-0021979
0,0,B.Miller,00-0011236
0,0,0,0
B.Stokley,00-0015754,B.Stokley,00-0015754
0,0,0,0
E.James,00-0008241,E.James,00-0008241
R.Wayne,00-0020498,R.Wayne,00-0020498
0,0,0,0
R.Wayne,00-0020498,R.Wayne,00-0020498
0,0,0,0
0,0,0,0
0,0,0,0
E.James,00-0008241,E.James,00-0008241
B.Stokley,00-0015754,B.Stokley,00-0015754
0,0,0,0
0,0,0,0
D.Davis,00-0021979,D.Davis,00-0021979
0,0,J.Gaffney,00-0021163
0,0,0,0
0,0,0,0
0,0,0,0
D.Davis,00-0021979,D.Davis,00-0021979
D.Davis,00-0021979,D.Davis,00-0021979
D.Davis,00-0021979,D.Davis,00-0021979
D.Davis,00-0021979,D.Davis,00-0021979
J.Gaffney,00-0021163,J.Gaffney,00-0021163
A.Johnson,00-0022044,A.Johnson,00-0022044
0,0,0,0
D.Davis,00-0021979,D.Davis,00-0021979
J.Gaffney,00-0021163,J.Gaffney,00-0021163
D.Davis,00-0021979,D.Davis,00-0021979
D.Carr,00-0020608,D.Carr,00-0020608
0,0,J.Gaffney,00-0021163
0,0,0,0
E.James,00-0008241,E.James,00-0008241
0,0,B.Stokley,00-0015754
D.Davis,00-0021979,D.Davis,00-0021979
D.Davis,00-0021979,D.Davis,00-0021979
A.Johnson,00-0022044,A.Johnson,00-0022044
D.Davis,00-0021979,D.Davis,00-0021979
0,0,M.Bruener,00-0002102
D.Davis,00-0021979,D.Davis,00-0021979
D.Davis,00-0021979,D.Davis,00-0021979
0,0,0,0
0,0,0,0
0,0,M.Harrison,00-0007024
0,0,0,0
0,0,M.Pollard,00-0013080
D.Clark,00-0022165,D.Clark,00-0022165
0,0,0,0
0,0,0,0
M.Norris,00-0020508,M.Norris,00-0020508
0,0,0,0
D.Armstrong,00-0021406,D.Armstrong,00-0021406
J.Wells,00-0021223,J.Wells,00-0021223
0,0,0,0
0,0,C.Bradford,00-0001627
D.Davis,00-0021979,D.Davis,00-0021979
0,0,B.Miller,00-0011236
J.Gaffney,00-0021163,J.Gaffney,00-0021163
D.Davis,00-0021979,D.Davis,00-0021979
D.Davis,00-0021979,D.Davis,00-0021979
D.Davis,00-0021979,D.Davis,00-0021979
0,0,J.Gaffney,00-0021163
0,0,M.Harrison,00-0007024
M.Harrison,00-0007024,M.Harrison,00-0007024
R.Wayne,00-0020498,R.Wayne,00-0020498
0,0,M.Pollard,00-0013080
A.Johnson,00-0022044,A.Johnson,00-0022044
B.Miller,00-0011236,B.Miller,00-0011236
0,0,D.Armstrong,00-0021406
D.Davis,00-0021979,D.Davis,00-0021979
D.Davis,00-0021979,D.Davis,00-0021979
0,0,D.Armstrong,00-0021406
D.Davis,00-0021979,D.Davis,00-0021979
D.Davis,00-0021979,D.Davis,00-0021979
0,0,0,0
0,0,0,0
E.James,00-0008241,E.James,00-0008241
E.James,00-0008241,E.James,00-0008241
0,0,A.Moorehead,00-0021780
E.James,00-0008241,E.James,00-0008241
E.James,00-0008241,E.James,00-0008241
0,0,M.Harrison,00-0007024
0,0,0,0
0,0,0,0
D.Carr,00-0020608,D.Carr,00-0020608
D.Davis,00-0021979,D.Davis,00-0021979
D.Davis,00-0021979,D.Davis,00-0021979
0,0,J.Gaffney,00-0021163
C.Bradford,00-0001627,C.Bradford,00-0001627
J.Wells,00-0021223,J.Wells,00-0021223
J.Wells,00-0021223,J.Wells,00-0021223
0,0,A.Johnson,00-0022044
D.Davis,00-0021979,D.Davis,00-0021979
D.Carr,00-0020608,D.Carr,00-0020608
0,0,M.Bruener,00-0002102
0,0,A.Johnson,00-0022044
0,0,0,0
0,0,0,0
D.Davis,00-0021979,D.Davis,00-0021979
D.Davis,00-0021979,D.Davis,00-0021979
D.Davis,00-0021979,D.Davis,00-0021979
0,0,0,0
0,0,0,0
T.Jones,00-0019641,T.Jones,00-0019641
0,0,B.Berrian,00-0022807
T.Jones,00-0019641,T.Jones,00-0019641
0,0,0,0
M.Pollard,00-0013080,M.Pollard,00-0013080
E.James,00-0008241,E.James,00-0008241
E.James,00-0008241,E.James,00-0008241
E.James,00-0008241,E.James,00-0008241
E.James,00-0008241,E.James,00-0008241
R.Wayne,00-0020498,R.Wayne,00-0020498
E.James,00-0008241,E.James,00-0008241
0,0,M.Harrison,00-0007024
B.Stokley,00-0015754,B.Stokley,00-0015754
M.Pollard,00-0013080,M.Pollard,00-0013080
0,0,0,0
0,0,0,0
T.Jones,00-0019641,T.Jones,00-0019641
0,0,0,0
T.Jones,00-0019641,T.Jones,00-0019641
C.Krenzel,00-0022818,C.Krenzel,00-0022818
0,0,0,0
E.James,00-0008241,E.James,00-0008241
0,0,M.Harrison,00-0007024
0,0,M.Harrison,00-0007024
0,0,0,0
0,0,0,0
D.Terrell,00-0020513,D.Terrell,00-0020513
T.Jones,00-0019641,T.Jones,00-0019641
T.Jones,00-0019641,T.Jones,00-0019641
0,0,T.Jones,00-0019641
0,0,D.Terrell,00-0020513
T.Jones,00-0019641,T.Jones,00-0019641
T.Jones,00-0019641,T.Jones,00-0019641
0,0,0,0
0,0,0,0
R.Wayne,00-0020498,R.Wayne,00-0020498
E.James,00-0008241,E.James,00-0008241
E.James,00-0008241,E.James,00-0008241
0,0,0,0
0,0,0,0
0,0,B.Stokley,00-0015754
E.James,00-0008241,E.James,00-0008241
R.Wayne,00-0020498,R.Wayne,00-0020498
0,0,0,0
0,0,0,0
0,0,0,0
0,0,T.Jones,00-0019641
B.Wade,00-0022144,B.Wade,00-0022144
0,0,D.Clark,00-0022165
E.James,00-0008241,E.James,00-0008241
E.James,00-0008241,E.James,00-0008241
0,0,D.Clark,00-0022165
E.James,00-0008241,E.James,00-0008241
0,0,R.Wayne,00-0020498
0,0,0,0
0,0,0,0
T.Jones,00-0019641,T.Jones,00-0019641
0,0,0,0
T.Jones,00-0019641,T.Jones,00-0019641
0,0,0,0
0,0,0,0
E.James,00-0008241,E.James,00-0008241
D.Rhodes,00-0019863,D.Rhodes,00-0019863
0,0,M.Harrison,00-0007024
0,0,B.Stokley,00-0015754
0,0,0,0
T.Jones,00-0019641,T.Jones,00-0019641
C.Krenzel,00-0022818,C.Krenzel,00-0022818
D.Clark,00-0022165,D.Clark,00-0022165
M.Harrison,00-0007024,M.Harrison,00-0007024
0,0,0,0
0,0,0,0
0,0,0,0
T.Jones,00-0019641,T.Jones,00-0019641
0,0,B.Wade,00-0022144
E.James,00-0008241,E.James,00-0008241
M.Harrison,00-0007024,M.Harrison,00-0007024
R.Wayne,00-0020498,R.Wayne,00-0020498
P.Manning,00-0010346,P.Manning,00-0010346
0,0,M.Pollard,00-0013080
E.James,00-0008241,E.James,00-0008241
0,0,R.Wayne,00-0020498
0,0,0,0
0,0,0,0
T.Jones,00-0019641,T.Jones,00-0019641
0,0,B.Johnson,00-0019172
C.Krenzel,00-0022818,C.Krenzel,00-0022818
0,0,B.Wade,00-0022144
D.Clark,00-0003035,D.Clark,00-0003035
0,0,0,0
D.Terrell,00-0020513,D.Terrell,00-0020513
0,0,0,0
E.James,00-0008241,E.James,00-0008241
D.Clark,00-0022165,D.Clark,00-0022165
E.James,00-0008241,E.James,00-0008241
M.Harrison,00-0007024,M.Harrison,00-0007024
0,0,B.Stokley,00-0015754
T.Jones,00-0019641,T.Jones,00-0019641
T.Jones,00-0019641,T.Jones,00-0019641
0,0,D.Terrell,00-0020513
0,0,0,0
E.James,00-0008241,E.James,00-0008241
E.James,00-0008241,E.James,00-0008241
R.Wayne,00-0020498,R.Wayne,00-0020498
R.Wayne,00-0020498,R.Wayne,00-0020498
0,0,0,0
0,0,0,0
0,0,D.Clark,00-0003035
T.Jones,00-0019641,T.Jones,00-0019641
B.Berrian,00-0022807,B.Berrian,00-0022807
0,0,0,0
B.Wade,00-0022144,B.Wade,00-0022144
0,0,0,0
T.Jones,00-0019641,T.Jones,00-0019641
0,0,0,0
E.James,00-0008241,E.James,00-0008241
E.James,00-0008241,E.James,00-0008241
D.Clark,00-0022165,D.Clark,00-0022165
E.James,00-0008241,E.James,00-0008241
E.James,00-0008241,E.James,00-0008241
M.Harrison,00-0007024,M.Harrison,00-0007024
E.James,00-0008241,E.James,00-0008241
0,0,0,0
0,0,0,0
T.Jones,00-0019641,T.Jones,00-0019641
T.Jones,00-0019641,T.Jones,00-0019641
0,0,0,0
T.Jones,00-0019641,T.Jones,00-0019641
0,0,D.Terrell,00-0020513
T.Jones,00-0019641,T.Jones,00-0019641
T.Jones,00-0019641,T.Jones,00-0019641
0,0,D.Terrell,00-0020513
0,0,D.Clark,00-0003035
0,0,0,0
D.Rhodes,00-0019863,D.Rhodes,00-0019863
D.Rhodes,00-0019863,D.Rhodes,00-0019863
D.Rhodes,00-0019863,D.Rhodes,00-0019863
D.Rhodes,00-0019863,D.Rhodes,00-0019863
0,0,0,0
J.Mungro,00-0020700,J.Mungro,00-0020700
J.Mungro,00-0020700,J.Mungro,00-0020700
D.Rhodes,00-0019863,D.Rhodes,00-0019863
D.Rhodes,00-0019863,D.Rhodes,00-0019863
J.Mungro,00-0020700,J.Mungro,00-0020700
D.Rhodes,00-0019863,D.Rhodes,00-0019863
D.Rhodes,00-0019863,D.Rhodes,00-0019863
A.Peterson,00-0021306,A.Peterson,00-0021306
0,0,D.Clark,00-0003035
A.Peterson,00-0021306,A.Peterson,00-0021306
J.Gage,00-0021982,J.Gage,00-0021982
0,0,J.McKie,00-0020805
A.Peterson,00-0021306,A.Peterson,00-0021306
D.Terrell,00-0020513,D.Terrell,00-0020513
A.Peterson,00-0021306,A.Peterson,00-0021306
A.Peterson,00-0021306,A.Peterson,00-0021306
C.Krenzel,00-0022818,C.Krenzel,00-0022818
D.Lyman,00-0019464,D.Lyman,00-0019464
0,0,0,0
0,0,0,0
J.Sorgi,00-0022744,J.Sorgi,00-0022744
J.Sorgi,00-0022744,J.Sorgi,00-0022744
J.Sorgi,00-0022744,J.Sorgi,00-0022744
0,0,0,0
0,0,0,0
R.Wayne,00-0020498,R.Wayne,00-0020498
E.James,00-0008241,E.James,00-0008241
0,0,0,0
E.James,00-0008241,E.James,00-0008241
M.Harrison,00-0007024,M.Harrison,00-0007024
0,0,R.Wayne,00-0020498
B.Stokley,00-0015754,B.Stokley,00-0015754
M.Harrison,00-0007024,M.Harrison,00-0007024
E.James,00-0008241,E.James,00-0008241
B.Stokley,00-0015754,B.Stokley,00-0015754
0,0,0,0
0,0,0,0
K.Jones,00-0022782,K.Jones,00-0022782
K.Jones,00-0022782,K.Jones,00-0022782
S.Bryson,00-0002159,S.Bryson,00-0002159
R.Williams,00-0022909,R.Williams,00-0022909
K.Jones,00-0022782,K.Jones,00-0022782
0,0,S.Alexander,00-0000166
0,0,R.Williams,00-0022909
0,0,0,0
0,0,0,0
0,0,M.Harrison,00-0007024
E.James,00-0008241,E.James,00-0008241
0,0,B.Stokley,00-0015754
E.James,00-0008241,E.James,00-0008241
R.Wayne,00-0020498,R.Wayne,00-0020498
E.James,00-0008241,E.James,00-0008241
0,0,E.James,00-0008241
E.James,00-0008241,E.James,00-0008241
B.Stokley,00-0015754,B.Stokley,00-0015754
0,0,0,0
0,0,0,0
K.Jones,00-0022782,K.Jones,00-0022782
T.Streets,00-0015811,T.Streets,00-0015811
S.Bryson,00-0002159,S.Bryson,00-0002159
S.Alexander,00-0000166,S.Alexander,00-0000166
0,0,R.Williams,00-0022909
K.Jones,00-0022782,K.Jones,00-0022782
0,0,R.Williams,00-0022909
0,0,0,0
0,0,0,0
0,0,R.Wayne,00-0020498
R.Wayne,00-0020498,R.Wayne,00-0020498
E.James,00-0008241,E.James,00-0008241
0,0,0,0
0,0,M.Harrison,00-0007024
0,0,0,0
0,0,0,0
T.Streets,00-0015811,T.Streets,00-0015811
K.Jones,00-0022782,K.Jones,00-0022782
K.Jones,00-0022782,K.Jones,00-0022782
0,0,0,0
S.Bryson,00-0002159,S.Bryson,00-0002159
K.Jones,00-0022782,K.Jones,00-0022782
K.Jones,00-0022782,K.Jones,00-0022782
S.Bryson,00-0002159,S.Bryson,00-0002159
K.Jones,00-0022782,K.Jones,00-0022782
0,0,T.Streets,00-0015811
R.Williams,00-0022909,R.Williams,00-0022909
0,0,0,0
M.Harrison,00-0007024,M.Harrison,00-0007024
E.James,00-0008241,E.James,00-0008241
0,0,M.Harrison,00-0007024
0,0,B.Stokley,00-0015754
E.James,00-0008241,E.James,00-0008241
0,0,0,0
S.Alexander,00-0000166,S.Alexander,00-0000166
C.Schlesinger,00-0014450,C.Schlesinger,00-0014450
0,0,0,0
0,0,0,0
E.James,00-0008241,E.James,00-0008241
M.Harrison,00-0007024,M.Harrison,00-0007024
E.James,00-0008241,E.James,00-0008241
0,0,M.Harrison,00-0007024
B.Stokley,00-0015754,B.Stokley,00-0015754
0,0,0,0
0,0,0,0
S.Bryson,00-0002159,S.Bryson,00-0002159
S.Bryson,00-0002159,S.Bryson,00-0002159
E.James,00-0008241,E.James,00-0008241
E.James,00-0008241,E.James,00-0008241
M.Harrison,00-0007024,M.Harrison,00-0007024
0,0,0,0
0,0,0,0
S.Bryson,00-0002159,S.Bryson,00-0002159
0,0,S.Vines,00-0021530
S.Bryson,00-0002159,S.Bryson,00-0002159
0,0,S.Bryson,00-0002159
R.Swinton,00-0015980,R.Swinton,00-0015980
0,0,0,0
0,0,0,0
R.Williams,00-0022909,R.Williams,00-0022909
S.Bryson,00-0002159,S.Bryson,00-0002159
0,0,S.Alexander,00-0000166
0,0,0,0
M.Harrison,00-0007024,M.Harrison,00-0007024
D.Clark,00-0022165,D.Clark,00-0022165
M.Harrison,00-0007024,M.Harrison,00-0007024
E.James,00-0008241,E.James,00-0008241
M.Harrison,00-0007024,M.Harrison,00-0007024
E.James,00-0008241,E.James,00-0008241
E.James,00-0008241,E.James,00-0008241
M.Harrison,00-0007024,M.Harrison,00-0007024
0,0,0,0
0,0,0,0
K.Jones,00-0022782,K.Jones,00-0022782
0,0,K.Jones,00-0022782
0,0,0,0
S.Bryson,00-0002159,S.Bryson,00-0002159
0,0,0,0
E.James,00-0008241,E.James,00-0008241
R.Wayne,00-0020498,R.Wayne,00-0020498
0,0,0,0
E.James,00-0008241,E.James,00-0008241
0,0,0,0
0,0,0,0
E.James,00-0008241,E.James,00-0008241
B.Stokley,00-0015754,B.Stokley,00-0015754
P.Manning,00-0010346,P.Manning,00-0010346
M.Harrison,00-0007024,M.Harrison,00-0007024
E.James,00-0008241,E.James,00-0008241
M.Harrison,00-0007024,M.Harrison,00-0007024
0,0,0,0
0,0,0,0
S.Alexander,00-0000166,S.Alexander,00-0000166
R.Williams,00-0022909,R.Williams,00-0022909
M.Harrison,00-0007024,M.Harrison,00-0007024
E.James,00-0008241,E.James,00-0008241
0,0,0,0
0,0,R.Wayne,00-0020498
0,0,0,0
K.Jones,00-0022782,K.Jones,00-0022782
K.Jones,00-0022782,K.Jones,00-0022782
S.Alexander,00-0000166,S.Alexander,00-0000166
T.Streets,00-0015811,T.Streets,00-0015811
K.Jones,00-0022782,K.Jones,00-0022782
M.McMahon,00-0020308,M.McMahon,00-0020308
K.Jones,00-0022782,K.Jones,00-0022782
0,0,0,0
0,0,0,0
E.James,00-0008241,E.James,00-0008241
E.James,00-0008241,E.James,00-0008241
E.James,00-0008241,E.James,00-0008241
0,0,0,0
E.James,00-0008241,E.James,00-0008241
0,0,D.Clark,00-0022165
0,0,0,0
C.Fitzsimmons,00-0021525,C.Fitzsimmons,00-0021525
S.Alexander,00-0000166,S.Alexander,00-0000166
0,0,K.Jones,00-0022782
0,0,R.Williams,00-0022909
0,0,0,0
S.Bryson,00-0002159,S.Bryson,00-0002159
M.McMahon,00-0020308,M.McMahon,00-0020308
0,0,S.Alexander,00-0000166
J.Mungro,00-0020700,J.Mungro,00-0020700
J.Mungro,00-0020700,J.Mungro,00-0020700
D.Rhodes,00-0019863,D.Rhodes,00-0019863
D.Rhodes,00-0019863,D.Rhodes,00-0019863
S.Bryson,00-0002159,S.Bryson,00-0002159
S.Vines,00-0021530,S.Vines,00-0021530
S.Bryson,00-0002159,S.Bryson,00-0002159
0,0,S.Vines,00-0021530
0,0,R.Swinton,00-0015980
0,0,0,0
0,0,0,0
C.Brown,00-0022092,C.Brown,00-0022092
C.Brown,00-0022092,C.Brown,00-0022092
0,0,0,0
0,0,0,0
0,0,0,0
B.Stokley,00-0015754,B.Stokley,00-0015754
E.James,00-0008241,E.James,00-0008241
0,0,M.Pollard,00-0013080
0,0,M.Harrison,00-0007024
0,0,0,0
0,0,0,0
C.Brown,00-0022092,C.Brown,00-0022092
D.Bennett,00-0019976,D.Bennett,00-0019976
0,0,0,0
0,0,0,0
D.Mason,00-0010500,D.Mason,00-0010500
C.Brown,00-0022092,C.Brown,00-0022092
C.Brown,00-0022092,C.Brown,00-0022092
0,0,0,0
0,0,C.Brown,00-0022092
0,0,0,0
0,0,0,0
0,0,0,0
R.Wayne,00-0020498,R.Wayne,00-0020498
E.James,00-0008241,E.James,00-0008241
M.Harrison,00-0007024,M.Harrison,00-0007024
M.Harrison,00-0007024,M.Harrison,00-0007024
E.James,00-0008241,E.James,00-0008241
M.Harrison,00-0007024,M.Harrison,00-0007024
0,0,0,0
0,0,0,0
D.Mason,00-0010500,D.Mason,00-0010500
C.Brown,00-0022092,C.Brown,00-0022092
D.Bennett,00-0019976,D.Bennett,00-0019976
0,0,0,0
0,0,0,0
C.Brown,00-0022092,C.Brown,00-0022092
B.Troupe,00-0022916,B.Troupe,00-0022916
0,0,D.Mason,00-0010500
M.Harrison,00-0007024,M.Harrison,00-0007024
E.James,00-0008241,E.James,00-0008241
E.James,00-0008241,E.James,00-0008241
0,0,0,0
0,0,0,0
0,0,B.Troupe,00-0022916
C.Brown,00-0022092,C.Brown,00-0022092
C.Brown,00-0022092,C.Brown,00-0022092
D.Bennett,00-0019976,D.Bennett,00-0019976
0,0,0,0
0,0,0,0
0,0,0,0
0,0,0,0
M.Pollard,00-0013080,M.Pollard,00-0013080
E.James,00-0008241,E.James,00-0008241
P.Manning,00-0010346,R.DeMulling,00-0020333
0,0,B.Stokley,00-0015754
R.Wayne,00-0020498,R.Wayne,00-0020498
M.Pollard,00-0013080,M.Pollard,00-0013080
E.James,00-0008241,E.James,00-0008241
B.Stokley,00-0015754,B.Stokley,00-0015754
E.James,00-0008241,E.James,00-0008241
E.James,00-0008241,E.James,00-0008241
E.James,00-0008241,E.James,00-0008241
P.Manning,00-0010346,P.Manning,00-0010346
B.Stokley,00-0015754,B.Stokley,00-0015754
0,0,0,0
0,0,0,0
C.Brown,00-0022092,C.Brown,00-0022092
0,0,C.Brown,00-0022092
C.Brown,00-0022092,C.Brown,00-0022092
0,0,D.Mason,00-0010500
C.Brown,00-0022092,C.Brown,00-0022092
C.Brown,00-0022092,C.Brown,00-0022092
C.Brown,00-0022092,C.Brown,00-0022092
0,0,0,0
0,0,0,0
0,0,0,0
0,0,B.Troupe,00-0022916
C.Brown,00-0022092,C.Brown,00-0022092
D.Mason,00-0010500,D.Mason,00-0010500
0,0,0,0
P.Manning,00-0010346,P.Manning,00-0010346
A.Smith,00-0015091,A.Smith,00-0015091
A.Smith,00-0015091,A.Smith,00-0015091
0,0,B.Troupe,00-0022916
0,0,E.Berlin,00-0020485
A.Smith,00-0015091,A.Smith,00-0015091
E.James,00-0008241,E.James,00-0008241
E.James,00-0008241,E.James,00-0008241
B.Stokley,00-0015754,B.Stokley,00-0015754
B.Stokley,00-0015754,B.Stokley,00-0015754
B.Stokley,00-0015754,B.Stokley,00-0015754
0,0,B.Stokley,00-0015754
0,0,M.Harrison,00-0007024
M.Pollard,00-0013080,M.Pollard,00-0013080
0,0,M.Harrison,00-0007024
B.Volek,00-0019041,B.Volek,00-0019041
0,0,0,0
R.Wayne,00-0020498,R.Wayne,00-0020498
E.James,00-0008241,E.James,00-0008241
0,0,0,0
E.James,00-0008241,E.James,00-0008241
R.Wayne,00-0020498,R.Wayne,00-0020498
0,0,M.Harrison,00-0007024
E.James,00-0008241,E.James,00-0008241
0,0,R.Wayne,00-0020498
0,0,0,0
0,0,0,0
D.Mason,00-0010500,D.Mason,00-0010500
0,0,D.Bennett,00-0019976
C.Brown,00-0022092,C.Brown,00-0022092
C.Brown,00-0022092,C.Brown,00-0022092
E. Kinney,00-0019659,E.Kinney,00-0019659
C.Brown,00-0022092,C.Brown,00-0022092
E.Berlin,00-0020485,E.Berlin,00-0020485
R.Holcombe,00-0007579,R.Holcombe,00-0007579
0,0,D.Bennett,00-0019976
C.Brown,00-0022092,C.Brown,00-0022092
0,0,E.Berlin,00-0020485
0,0,E.Berlin,00-0020485
B.Stokley,00-0015754,B.Stokley,00-0015754
E.James,00-0008241,E.James,00-0008241
E.James,00-0008241,E.James,00-0008241
E.James,00-0008241,E.James,00-0008241
0,0,0,0
0,0,0,0
A.Smith,00-0015091,A.Smith,00-0015091
0,0,T.Fleming,00-0022825
0,0,D.Bennett,00-0019976
0,0,0,0
R.Wayne,00-0020498,R.Wayne,00-0020498
E.James,00-0008241,E.James,00-0008241
0,0,M.Harrison,00-0007024
0,0,B.Stokley,00-0015754
A.Smith,00-0015091,A.Smith,00-0015091
0,0,E.Kinney,00-0019659
0,0,0,0
A.Smith,00-0015091,A.Smith,00-0015091
0,0,0,0
E.James,00-0008241,E.James,00-0008241
0,0,0,0
0,0,R.Wayne,00-0020498
E.James,00-0008241,E.James,00-0008241
B.Stokley,00-0015754,B.Stokley,00-0015754
E.James,00-0008241,E.James,00-0008241
R.Wayne,00-0020498,R.Wayne,00-0020498
0,0,0,0
0,0,0,0
0,0,0,0
A.Smith,00-0015091,A.Smith,00-0015091
0,0,E.Berlin,00-0020485
0,0,D.Mason,00-0010500
B.Troupe,00-0022916,B.Troupe,00-0022916
0,0,0,0
0,0,0,0
D.Rhodes,00-0019863,D.Rhodes,00-0019863
D.Rhodes,00-0019863,D.Rhodes,00-0019863
D.Rhodes,00-0019863,D.Rhodes,00-0019863
D.Rhodes,00-0019863,D.Rhodes,00-0019863
0,0,M.Pollard,00-0013080
0,0,0,0
0,0,0,0
B.Troupe,00-0022916,B.Troupe,00-0022916
E. Kinney,00-0019659,E.Kinney,00-0019659
A.Smith,00-0015091,A.Smith,00-0015091
0,0,0,0
D.Mason,00-0010500,D.Mason,00-0010500
D.Mason,00-0010500,D.Mason,00-0010500
A.Smith,00-0015091,A.Smith,00-0015091
E. Kinney,00-0019659,E.Kinney,00-0019659
0,0,D.Mason,00-0010500
0,0,0,0
0,0,D.Mason,00-0010500
J.Sorgi,00-0022744,J.Sorgi,00-0022744
J.Sorgi,00-0022744,J.Sorgi,00-0022744
J.Sorgi,00-0022744,J.Sorgi,00-0022744
0,0,0,0
0,0,0,0
0,0,0,0
D.Davis,00-0021979,D.Davis,00-0021979
D.Davis,00-0021979,D.Davis,00-0021979
0,0,A.Johnson,00-0022044
E.James,00-0008241,E.James,00-0008241
E.James,00-0008241,E.James,00-0008241
E.James,00-0008241,E.James,00-0008241
E.James,00-0008241,E.James,00-0008241
E.James,00-0008241,E.James,00-0008241
0,0,R.Wayne,00-0020498
M.Harrison,00-0007024,M.Harrison,00-0007024
0,0,0,0
0,0,0,0
0,0,0,0
D.Davis,00-0021979,D.Davis,00-0021979
0,0,0,0
D.Davis,00-0021979,D.Davis,00-0021979
0,0,0,0
E.James,00-0008241,E.James,00-0008241
M.Pollard,00-0013080,M.Pollard,00-0013080
E.James,00-0008241,E.James,00-0008241
M.Harrison,00-0007024,M.Harrison,00-0007024
E.James,00-0008241,E.James,00-0008241
0,0,0,0
M.Pollard,00-0013080,M.Pollard,00-0013080
E.James,00-0008241,E.James,00-0008241
R.Wayne,00-0020498,R.Wayne,00-0020498
0,0,0,0
0,0,0,0
D.Davis,00-0021979,D.Davis,00-0021979
D.Davis,00-0021979,D.Davis,00-0021979
D.Davis,00-0021979,D.Davis,00-0021979
0,0,0,0
D.Davis,00-0021979,D.Davis,00-0021979
0,0,0,0
D.Carr,00-0020608,D.Carr,00-0020608
0,0,0,0
0,0,0,0
E.James,00-0008241,E.James,00-0008241
0,0,0,0
E.James,00-0008241,E.James,00-0008241
0,0,0,0
0,0,0,0
D.Davis,00-0021979,D.Davis,00-0021979
D.Davis,00-0021979,D.Davis,00-0021979
D.Davis,00-0021979,D.Davis,00-0021979
D.Davis,00-0021979,D.Davis,00-0021979
D.Davis,00-0021979,D.Davis,00-0021979
D.Carr,00-0020608,D.Carr,00-0020608
J.Wells,00-0021223,J.Wells,00-0021223
0,0,0,0
0,0,0,0
D.Clark,00-0022165,D.Clark,00-0022165
E.James,00-0008241,E.James,00-0008241
D.Clark,00-0022165,D.Clark,00-0022165
R.Wayne,00-0020498,R.Wayne,00-0020498
E.James,00-0008241,E.James,00-0008241
E.James,00-0008241,E.James,00-0008241
R.Wayne,00-0020498,R.Wayne,00-0020498
E.James,00-0008241,E.James,00-0008241
0,0,E.James,00-0008241
0,0,M.Harrison,00-0007024
0,0,0,0
0,0,0,0
D.Davis,00-0021979,D.Davis,00-0021979
0,0,0,0
D.Davis,00-0021979,D.Davis,00-0021979
D.Davis,00-0021979,D.Davis,00-0021979
D.Davis,00-0021979,D.Davis,00-0021979
D.Davis,00-0021979,D.Davis,00-0021979
0,0,0,0
0,0,A.Johnson,00-0022044
J.Wells,00-0021223,J.Wells,00-0021223
D.Carr,00-0020608,S.McKinney,00-0010966
E.James,00-0008241,E.James,00-0008241
0,0,0,0
E.James,00-0008241,E.James,00-0008241
E.James,00-0008241,E.James,00-0008241
0,0,B.Stokley,00-0015754
0,0,0,0
P.Manning,00-0010346,P.Manning,00-0010346
0,0,0,0
0,0,M.Harrison,00-0007024
E.James,00-0008241,E.James,00-0008241
M.Pollard,00-0013080,M.Pollard,00-0013080
B.Stokley,00-0015754,B.Stokley,00-0015754
E.James,00-0008241,E.James,00-0008241
0,0,B.Stokley,00-0015754
M.Pollard,00-0013080,M.Pollard,00-0013080
0,0,0,0
0,0,0,0
M.Norris,00-0020508,M.Norris,00-0020508
D.Davis,00-0021979,D.Davis,00-0021979
C.Bradford,00-0001627,C.Bradford,00-0001627
D.Davis,00-0021979,D.Davis,00-0021979
D.Davis,00-0021979,D.Davis,00-0021979
C.Bradford,00-0001627,C.Bradford,00-0001627
D.Davis,00-0021979,D.Davis,00-0021979
B.Miller,00-0011236,B.Miller,00-0011236
D.Davis,00-0021979,D.Davis,00-0021979
0,0,0,0
0,0,0,0
R.Wayne,00-0020498,R.Wayne,00-0020498
E.James,00-0008241,E.James,00-0008241
R.Wayne,00-0020498,R.Wayne,00-0020498
E.James,00-0008241,E.James,00-0008241
E.James,00-0008241,E.James,00-0008241
B.Stokley,00-0015754,B.Stokley,00-0015754
0,0,0,0
0,0,0,0
D.Davis,00-0021979,D.Davis,00-0021979
D.Carr,00-0020608,D.Carr,00-0020608
A.Johnson,00-0022044,A.Johnson,00-0022044
0,0,0,0
D.Davis,00-0021979,D.Davis,00-0021979
0,0,0,0
A.Johnson,00-0022044,A.Johnson,00-0022044
D.Davis,00-0021979,D.Davis,00-0021979
J.Wells,00-0021223,J.Wells,00-0021223
0,0,0,0
0,0,0,0
0,0,R.Wayne,00-0020498
E.James,00-0008241,E.James,00-0008241
B.Stokley,00-0015754,B.Stokley,00-0015754
E.James,00-0008241,E.James,00-0008241
R.Wayne,00-0020498,R.Wayne,00-0020498
E.James,00-0008241,E.James,00-0008241
0,0,M.Harrison,00-0007024
0,0,R.Wayne,00-0020498
E.James,00-0008241,E.James,00-0008241
E.James,00-0008241,E.James,00-0008241
0,0,0,0
0,0,0,0
D.Davis,00-0021979,D.Davis,00-0021979
D.Davis,00-0021979,D.Davis,00-0021979
0,0,0,0
0,0,0,0
E.James,00-0008241,E.James,00-0008241
M.Harrison,00-0007024,M.Harrison,00-0007024
E.James,00-0008241,E.James,00-0008241
0,0,R.Wayne,00-0020498
R.Wayne,00-0020498,R.Wayne,00-0020498
E.James,00-0008241,E.James,00-0008241
0,0,0,0
E.James,00-0008241,E.James,00-0008241
E.James,00-0008241,E.James,00-0008241
E.James,00-0008241,E.James,00-0008241
E.James,00-0008241,E.James,00-0008241
0,0,0,0
0,0,0,0
A.Johnson,00-0022044,A.Johnson,00-0022044
B.Miller,00-0011236,B.Miller,00-0011236
0,0,0,0
0,0,D.Davis,00-0021979
0,0,0,0
D.Davis,00-0021979,D.Davis,00-0021979
P.Manning,00-0010346,P.Manning,00-0010346
0,0,0,0
0,0,0,0
E.James,00-0008241,E.James,00-0008241
E.James,00-0008241,E.James,00-0008241
E.James,00-0008241,E.James,00-0008241
R.Wayne,00-0020498,R.Wayne,00-0020498
E.James,00-0008241,E.James,00-0008241
0,0,M.Harrison,00-0007024
0,0,M.Pollard,00-0013080
0,0,0,0
0,0,0,0
J.Lewis,00-0019693,J.Lewis,00-0019693
J.Lewis,00-0019693,J.Lewis,00-0019693
0,0,T.Taylor,00-0019721
0,0,K.Johnson,00-0008560
0,0,0,0
E.James,00-0008241,E.James,00-0008241
M.Pollard,00-0013080,M.Pollard,00-0013080
E.James,00-0008241,E.James,00-0008241
0,0,0,0
0,0,C.Moore,00-0022826
J.Lewis,00-0019693,J.Lewis,00-0019693
J.Lewis,00-0019693,J.Lewis,00-0019693
J.Lewis,00-0019693,J.Lewis,00-0019693
0,0,0,0
E.James,00-0008241,E.James,00-0008241
0,0,M.Pollard,00-0013080
D.Clark,00-0022165,D.Clark,00-0022165
R.Wayne,00-0020498,R.Wayne,00-0020498
E.James,00-0008241,E.James,00-0008241
0,0,M.Pollard,00-0013080
R.Wayne,00-0020498,R.Wayne,00-0020498
0,0,M.Pollard,00-0013080
0,0,0,0
0,0,0,0
0,0,T.Taylor,00-0019721
J.Lewis,00-0019693,J.Lewis,00-0019693
C.Taylor,00-0021314,C.Taylor,00-0021314
J.Lewis,00-0019693,J.Lewis,00-0019693
0,0,0,0
C.Taylor,00-0021314,C.Taylor,00-0021314
J.Lewis,00-0019693,J.Lewis,00-0019693
J.Lewis,00-0019693,J.Lewis,00-0019693
0,0,0,0
0,0,0,0
M.Harrison,00-0007024,M.Harrison,00-0007024
E.James,00-0008241,E.James,00-0008241
M.Harrison,00-0007024,M.Harrison,00-0007024
E.James,00-0008241,E.James,00-0008241
0,0,B.Stokley,00-0015754
0,0,R.Wayne,00-0020498
0,0,M.Harrison,00-0007024
0,0,0,0
J.Lewis,00-0019693,J.Lewis,00-0019693
C.Taylor,00-0021314,C.Taylor,00-0021314
K.Johnson,00-0008560,K.Johnson,00-0008560
T.Taylor,00-0019721,T.Taylor,00-0019721
C.Taylor,00-0021314,C.Taylor,00-0021314
C.Taylor,00-0021314,C.Taylor,00-0021314
J.Lewis,00-0019693,J.Lewis,00-0019693
0,0,T.Taylor,00-0019721
J.Lewis,00-0019693,J.Lewis,00-0019693
C.Taylor,00-0021314,C.Taylor,00-0021314
0,0,0,0
E.James,00-0008241,E.James,00-0008241
0,0,D.Clark,00-0022165
0,0,B.Stokley,00-0015754
0,0,0,0
T.Taylor,00-0019721,T.Taylor,00-0019721
0,0,D.Dinkins,00-0020550
J.Lewis,00-0019693,J.Lewis,00-0019693
0,0,0,0
0,0,0,0
E.James,00-0008241,E.James,00-0008241
E.James,00-0008241,E.James,00-0008241
0,0,0,0
M.Harrison,00-0007024,M.Harrison,00-0007024
0,0,0,0
C.Taylor,00-0021314,C.Taylor,00-0021314
0,0,0,0
0,0,0,0
0,0,C.Moore,00-0022826
0,0,C.Moore,00-0022826
M.Pollard,00-0013080,M.Pollard,00-0013080
0,0,0,0
0,0,0,0
0,0,0,0
J.Lewis,00-0019693,J.Lewis,00-0019693
J.Lewis,00-0019693,J.Lewis,00-0019693
C.Taylor,00-0021314,C.Taylor,00-0021314
K.Johnson,00-0008560,K.Johnson,00-0008560
0,0,K.Johnson,00-0008560
0,0,0,0
0,0,0,0
E.James,00-0008241,E.James,00-0008241
E.James,00-0008241,E.James,00-0008241
R.Wayne,00-0020498,R.Wayne,00-0020498
E.James,00-0008241,E.James,00-0008241
E.James,00-0008241,E.James,00-0008241
E.James,00-0008241,E.James,00-0008241
M.Harrison,00-0007024,M.Harrison,00-0007024
R.Wayne,00-0020498,R.Wayne,00-0020498
B.Stokley,00-0015754,B.Stokley,00-0015754
M.Harrison,00-0007024,M.Harrison,00-0007024
0,0,0,0
0,0,0,0
T.Heap,00-0020516,T.Heap,00-0020516
C.Moore,00-0022826,C.Moore,00-0022826
J.Lewis,00-0019693,J.Lewis,00-0019693
J.Lewis,00-0019693,J.Lewis,00-0019693
J.Lewis,00-0019693,J.Lewis,00-0019693
0,0,T.Heap,00-0020516
0,0,C.Taylor,00-0021314
0,0,0,0
0,0,E.James,00-0008241
B.Stokley,00-0015754,B.Stokley,00-0015754
R.Wayne,00-0020498,R.Wayne,00-0020498
E.James,00-0008241,E.James,00-0008241
E.James,00-0008241,E.James,00-0008241
0,0,0,0
0,0,0,0
J.Lewis,00-0019693,J.Lewis,00-0019693
0,0,0,0
0,0,C.Moore,00-0022826
C.Taylor,00-0021314,C.Taylor,00-0021314
K.Johnson,00-0008560,K.Johnson,00-0008560
0,0,T.Heap,00-0020516
0,0,0,0
J.Lewis,00-0019693,J.Lewis,00-0019693
0,0,T.Heap,00-0020516
0,0,0,0
T.Heap,00-0020516,T.Heap,00-0020516
0,0,0,0
0,0,0,0
E.James,00-0008241,E.James,00-0008241
0,0,B.Stokley,00-0015754
0,0,M.Harrison,00-0007024
0,0,0,0
A.Ricard,00-0018588,A.Ricard,00-0018588
J.Lewis,00-0019693,J.Lewis,00-0019693
D.Dinkins,00-0020550,D.Dinkins,00-0020550
T.Heap,00-0020516,T.Heap,00-0020516
0,0,T.Heap,00-0020516
0,0,T.Taylor,00-0019721
0,0,T.Heap,00-0020516
0,0,C.Moore,00-0022826
E.James,00-0008241,E.James,00-0008241
0,0,E.James,00-0008241
0,0,B.Stokley,00-0015754
R.Wayne,00-0020498,R.Wayne,00-0020498
R.Wayne,00-0020498,R.Wayne,00-0020498
E.James,00-0008241,E.James,00-0008241
0,0,M.Harrison,00-0007024
B.Stokley,00-0015754,B.Stokley,00-0015754
0,0,0,0
K.Johnson,00-0008560,K.Johnson,00-0008560
K.Boller,00-0022164,K.Boller,00-0022164
0,0,0,0
J.White,00-0019057,J.White,00-0019057
J.Lewis,00-0019693,J.Lewis,00-0019693
0,0,T.Taylor,00-0019721
J.White,00-0019057,J.White,00-0019057
T.Heap,00-0020516,T.Heap,00-0020516
T.Jones,00-0021268,T.Jones,00-0021268
0,0,T.Taylor,00-0019721
0,0,T.Taylor,00-0019721
0,0,T.Taylor,00-0019721
P.Manning,00-0010346,P.Manning,00-0010346
P.Manning,00-0010346,P.Manning,00-0010346
0,0,0,0
0,0,0,0
0,0,K.Osgood,00-0021570
0,0,0,0
0,0,A.Gates,00-0021547
L.Tomlinson,00-0020536,L.Tomlinson,00-0020536
L.Tomlinson,00-0020536,L.Tomlinson,00-0020536
L.Tomlinson,00-0020536,L.Tomlinson,00-0020536
0,0,0,0
E.James,00-0008241,E.James,00-0008241
E.James,00-0008241,E.James,00-0008241
B.Stokley,00-0015754,B.Stokley,00-0015754
0,0,M.Harrison,00-0007024
E.James,00-0008241,E.James,00-0008241
0,0,E.James,00-0008241
M.Harrison,00-0007024,M.Harrison,00-0007024
E.James,00-0008241,E.James,00-0008241
M.Harrison,00-0007024,M.Harrison,00-0007024
E.James,00-0008241,E.James,00-0008241
0,0,R.Wayne,00-0020498
0,0,R.Wayne,00-0020498
L.Tomlinson,00-0020536,L.Tomlinson,00-0020536
L.Tomlinson,00-0020536,L.Tomlinson,00-0020536
0,0,0,0
E.Parker,00-0020904,E.Parker,00-0020904
L.Tomlinson,00-0020536,L.Tomlinson,00-0020536
L.Tomlinson,00-0020536,L.Tomlinson,00-0020536
0,0,0,0
0,0,0,0
E.James,00-0008241,E.James,00-0008241
E.James,00-0008241,E.James,00-0008241
0,0,R.Wayne,00-0020498
E.James,00-0008241,E.James,00-0008241
E.James,00-0008241,E.James,00-0008241
E.James,00-0008241,E.James,00-0008241
D.Rhodes,00-0019863,D.Rhodes,00-0019863
D.Rhodes,00-0019863,D.Rhodes,00-0019863
E.James,00-0008241,E.James,00-0008241
0,0,0,0
0,0,0,0
E.James,00-0008241,E.James,00-0008241
0,0,D.Clark,00-0022165
0,0,0,0
0,0,0,0
K.Osgood,00-0021570,K.Osgood,00-0021570
L.Tomlinson,00-0020536,L.Tomlinson,00-0020536
0,0,E.Parker,00-0020904
0,0,E.Parker,00-0020904
0,0,0,0
0,0,0,0
E.James,00-0008241,E.James,00-0008241
0,0,R.Wayne,00-0020498
0,0,0,0
0,0,0,0
0,0,0,0
E.Parker,00-0020904,E.Parker,00-0020904
L.Tomlinson,00-0020536,L.Tomlinson,00-0020536
E.Parker,00-0020904,E.Parker,00-0020904
A.Gates,00-0021547,A.Gates,00-0021547
J.Chatman,00-0020820,J.Chatman,00-0020820
L.Tomlinson,00-0020536,L.Tomlinson,00-0020536
L.Tomlinson,00-0020536,L.Tomlinson,00-0020536
E.Parker,00-0020904,E.Parker,00-0020904
0,0,0,0
0,0,0,0
E.James,00-0008241,E.James,00-0008241
B.Hartsock,00-0022847,B.Hartsock,00-0022847
E.James,00-0008241,E.James,00-0008241
B.Hartsock,00-0022847,B.Hartsock,00-0022847
0,0,R.Wayne,00-0020498
0,0,0,0
0,0,0,0
A.Gates,00-0021547,A.Gates,00-0021547
L.Tomlinson,00-0020536,L.Tomlinson,00-0020536
0,0,L.Tomlinson,00-0020536
0,0,0,0
B.Stokley,00-0015754,B.Stokley,00-0015754
0,0,R.Wayne,00-0020498
D.Clark,00-0022165,D.Clark,00-0022165
B.Stokley,00-0015754,B.Stokley,00-0015754
E.James,00-0008241,E.James,00-0008241
E.James,00-0008241,E.James,00-0008241
E.James,00-0008241,E.James,00-0008241
0,0,0,0
E.James,00-0008241,E.James,00-0008241
0,0,0,0
0,0,0,0
D.Brees,00-0020531,D.Brees,00-0020531
0,0,0,0
0,0,E.James,00-0008241
0,0,E.James,00-0008241
0,0,0,0
0,0,0,0
E.Parker,00-0020904,E.Parker,00-0020904
L.Tomlinson,00-0020536,L.Tomlinson,00-0020536
L.Tomlinson,00-0020536,L.Tomlinson,00-0020536
A.Gates,00-0021547,A.Gates,00-0021547
L.Tomlinson,00-0020536,L.Tomlinson,00-0020536
K.Osgood,00-0021570,K.Osgood,00-0021570
L.Tomlinson,00-0020536,L.Tomlinson,00-0020536
D.Brees,00-0020531,D.Brees,00-0020531
A.Gates,00-0021547,A.Gates,00-0021547
0,0,0,0
0,0,0,0
E.James,00-0008241,E.James,00-0008241
0,0,0,0
E.James,00-0008241,E.James,00-0008241
0,0,M.Harrison,00-0007024
M.Harrison,00-0007024,M.Harrison,00-0007024
E.James,00-0008241,E.James,00-0008241
B.Stokley,00-0015754,B.Stokley,00-0015754
J.Mungro,00-0020700,J.Mungro,00-0020700
0,0,0,0
0,0,0,0
L.Tomlinson,00-0020536,L.Tomlinson,00-0020536
L.Tomlinson,00-0020536,L.Tomlinson,00-0020536
L.Tomlinson,00-0020536,L.Tomlinson,00-0020536
A.Gates,00-0021547,A.Gates,00-0021547
A.Gates,00-0021547,A.Gates,00-0021547
D.Brees,00-0020531,D.Brees,00-0020531
L.Tomlinson,00-0020536,L.Tomlinson,00-0020536
L.Tomlinson,00-0020536,L.Tomlinson,00-0020536
A.Gates,00-0021547,A.Gates,00-0021547
L.Tomlinson,00-0020536,L.Tomlinson,00-0020536
0,0,0,0
L.Tomlinson,00-0020536,L.Tomlinson,00-0020536
0,0,0,0
0,0,0,0
0,0,0,0
0,0,0,0
L.Tomlinson,00-0020536,L.Tomlinson,00-0020536
0,0,K.Osgood,00-0021570
E.Parker,00-0020904,E.Parker,00-0020904
0,0,0,0
D.Brees,00-0020531,D.Brees,00-0020531
L.Tomlinson,00-0020536,L.Tomlinson,00-0020536
D.Brees,00-0020531,D.Brees,00-0020531
J.Chatman,00-0020820,J.Chatman,00-0020820
0,0,A.Gates,00-0021547
0,0,0,0
0,0,0,0
0,0,B.Stokley,00-0015754
0,0,0,0
0,0,D.Clark,00-0022165
B.Stokley,00-0015754,B.Stokley,00-0015754
0,0,D.Clark,00-0022165
0,0,B.Stokley,00-0015754
M.Harrison,00-0007024,M.Harrison,00-0007024
M.Harrison,00-0007024,M.Harrison,00-0007024
E.James,00-0008241,E.James,00-0008241
R.Wayne,00-0020498,R.Wayne,00-0020498
E.James,00-0008241,E.James,00-0008241
0,0,B.Stokley,00-0015754
0,0,0,0
0,0,0,0
0,0,E.Parker,00-0020904
L.Tomlinson,00-0020536,L.Tomlinson,00-0020536
D.Brees,00-0020531,D.Brees,00-0020531
0,0,0,0
0,0,E.James,00-0008241
0,0,0,0
E.James,00-0008241,E.James,00-0008241
R.Wayne,00-0020498,R.Wayne,00-0020498
D.Clark,00-0022165,D.Clark,00-0022165
D.Clark,00-0022165,D.Clark,00-0022165
0,0,M.Harrison,00-0007024
M.Harrison,00-0007024,M.Harrison,00-0007024
B.Stokley,00-0015754,B.Stokley,00-0015754
E.James,00-0008241,E.James,00-0008241
0,0,0,0
E.Parker,00-0020904,E.Parker,00-0020904
0,0,0,0
0,0,T.Dwight,00-0004673
0,0,A.Gates,00-0021547
P.Manning,00-0010346,P.Manning,00-0010346
0,0,0,0
E.James,00-0008241,E.James,00-0008241
B.Stokley,00-0015754,B.Stokley,00-0015754
R.Wayne,00-0020498,R.Wayne,00-0020498
E.James,00-0008241,E.James,00-0008241
0,0,0,0
0,0,0,0
0,0,0,0
0,0,B.Hartsock,00-0022847
E.James,00-0008241,E.James,00-0008241
M.Harrison,00-0007024,M.Harrison,00-0007024
0,0,0,0
R.Droughns,00-0019610,R.Droughns,00-0019610
T.Bell,00-0022893,T.Bell,00-0022893
0,0,0,0
0,0,0,0
0,0,0,0
R.Wayne,00-0020498,R.Wayne,00-0020498
D.Rhodes,00-0019863,D.Rhodes,00-0019863
M.Harrison,00-0007024,M.Harrison,00-0007024
D.Clark,00-0022165,D.Clark,00-0022165
D.Rhodes,00-0019863,D.Rhodes,00-0019863
T.Walters,00-0019552,T.Walters,00-0019552
R.Wayne,00-0020498,R.Wayne,00-0020498
M.Harrison,00-0007024,M.Harrison,00-0007024
M.Harrison,00-0007024,M.Harrison,00-0007024
0,0,0,0
0,0,0,0
R.Smith,00-0015290,R.Smith,00-0015290
J.Plummer,00-0013042,J.Plummer,00-0013042
0,0,A.Lelie,00-0021152
R.Smith,00-0015290,R.Smith,00-0015290
R.Droughns,00-0019610,R.Droughns,00-0019610
R.Smith,00-0015290,R.Smith,00-0015290
A.Lelie,00-0021152,A.Lelie,00-0021152
0,0,0,0
0,0,0,0
D.Rhodes,00-0019863,D.Rhodes,00-0019863
0,0,D.Clark,00-0022165
0,0,M.Harrison,00-0007024
D.Rhodes,00-0019863,D.Rhodes,00-0019863
0,0,0,0
0,0,0,0
T.Bell,00-0022893,T.Bell,00-0022893
T.Bell,00-0022893,T.Bell,00-0022893
R.Smith,00-0015290,R.Smith,00-0015290
0,0,0,0
T.Bell,00-0022893,T.Bell,00-0022893
R.Droughns,00-0019610,R.Droughns,00-0019610
J.Putzier,00-0021100,J.Putzier,00-0021100
0,0,A.Lelie,00-0021152
R.Droughns,00-0019610,R.Droughns,00-0019610
0,0,R.Smith,00-0015290
0,0,0,0
0,0,0,0
D.Rhodes,00-0019863,D.Rhodes,00-0019863
M.Harrison,00-0007024,M.Harrison,00-0007024
0,0,A.Moorehead,00-0021780
0,0,0,0
T.Bell,00-0022893,T.Bell,00-0022893
0,0,R.Smith,00-0015290
A.Lelie,00-0021152,A.Lelie,00-0021152
J.Putzier,00-0021100,J.Putzier,00-0021100
T.Bell,00-0022893,T.Bell,00-0022893
T.Bell,00-0022893,T.Bell,00-0022893
T.Bell,00-0022893,T.Bell,00-0022893
R.Droughns,00-0019610,R.Droughns,00-0019610
R.Droughns,00-0019610,R.Droughns,00-0019610
P.Hape,00-0006804,P.Hape,00-0006804
0,0,0,0
0,0,0,0
B.Pyatt,00-0021969,B.Pyatt,00-0021969
0,0,B.Hartsock,00-0022847
R.Wayne,00-0020498,R.Wayne,00-0020498
0,0,0,0
0,0,0,0
D.Carswell,00-0002709,D.Carswell,00-0002709
R.Droughns,00-0019610,R.Droughns,00-0019610
R.Droughns,00-0019610,R.Droughns,00-0019610
J.Plummer,00-0013042,J.Plummer,00-0013042
0,0,D.Carswell,00-0002709
0,0,P.Hape,00-0006804
0,0,0,0
D.Rhodes,00-0019863,D.Rhodes,00-0019863
R.Droughns,00-0019610,R.Droughns,00-0019610
0,0,P.Hape,00-0006804
0,0,D.Watts,00-0022751
0,0,0,0
0,0,0,0
J.Sorgi,00-0022744,J.Sorgi,00-0022744
0,0,B.Stokley,00-0015754
D.Rhodes,00-0019863,D.Rhodes,00-0019863
0,0,0,0
0,0,R.Smith,00-0015290
R.Droughns,00-0019610,R.Droughns,00-0019610
0,0,R.Smith,00-0015290
0,0,0,0
D.Rhodes,00-0019863,D.Rhodes,00-0019863
D.Rhodes,00-0019863,D.Rhodes,00-0019863
D.Rhodes,00-0019863,D.Rhodes,00-0019863
0,0,0,0
J.Plummer,00-0013042,J.Plummer,00-0013042
J.Putzier,00-0021100,J.Putzier,00-0021100
T.Bell,00-0022893,T.Bell,00-0022893
T.Bell,00-0022893,T.Bell,00-0022893
R.Smith,00-0015290,R.Smith,00-0015290
R.Droughns,00-0019610,R.Droughns,00-0019610
T.Bell,00-0022893,T.Bell,00-0022893
P.Hape,00-0006804,P.Hape,00-0006804
J.Plummer,00-0013042,J.Plummer,00-0013042
0,0,0,0
0,0,0,0
0,0,J.Mungro,00-0020700
B.Pyatt,00-0021969,B.Pyatt,00-0021969
0,0,B.Hartsock,00-0022847
0,0,0,0
0,0,0,0
T.Bell,00-0022893,T.Bell,00-0022893
0,0,P.Hape,00-0006804
A.Lelie,00-0021152,A.Lelie,00-0021152
0,0,0,0
T.Bell,00-0022893,T.Bell,00-0022893
T.Bell,00-0022893,T.Bell,00-0022893
0,0,0,0
0,0,0,0
B.Hartsock,00-0022847,B.Hartsock,00-0022847
A.Moorehead,00-0021780,A.Moorehead,00-0021780
0,0,0,0
D.Rhodes,00-0019863,D.Rhodes,00-0019863
0,0,0,0
0,0,D.Rhodes,00-0019863
B.Hartsock,00-0022847,B.Hartsock,00-0022847
0,0,0,0
R.Droughns,00-0019610,R.Droughns,00-0019610
R.Smith,00-0015290,R.Smith,00-0015290
R.Droughns,00-0019610,R.Droughns,00-0019610
J.Plummer,00-0013042,J.Plummer,00-0013042
0,0,A.Lelie,00-0021152
0,0,0,0
J.Sorgi,00-0022744,J.Sorgi,00-0022744
D.Rhodes,00-0019863,D.Rhodes,00-0019863
J.Mungro,00-0020700,J.Mungro,00-0020700
0,0,0,0
T.Bell,00-0022893,T.Bell,00-0022893
R.Droughns,00-0019610,R.Droughns,00-0019610
T.Bell,00-0022893,T.Bell,00-0022893
T.Bell,00-0022893,T.Bell,00-0022893
T.Bell,00-0022893,T.Bell,00-0022893
0,0,0,0
0,0,0,0
J.Mungro,00-0020700,J.Mungro,00-0020700
0,0,B.Hartsock,00-0022847
0,0,A.Moorehead,00-0021780
0,0,0,0
R.Droughns,00-0019610,R.Droughns,00-0019610
C.Sapp,00-0021845,C.Sapp,00-0021845
C.Sapp,00-0021845,C.Sapp,00-0021845
C.Sapp,00-0021845,C.Sapp,00-0021845
C.Sapp,00-0021845,C.Sapp,00-0021845
J.Plummer,00-0013042,J.Plummer,00-0013042
J.Plummer,00-0013042,J.Plummer,00-0013042
0,0,0,0
0,0,0,0
R.Wayne,00-0020498,R.Wayne,00-0020498
R.Wayne,00-0020498,R.Wayne,00-0020498
E.James,00-0008241,E.James,00-0008241
0,0,T.Walters,00-0019552
0,0,0,0
A.Lelie,00-0021152,A.Lelie,00-0021152
R.Droughns,00-0019610,R.Droughns,00-0019610
R.Droughns,00-0019610,R.Droughns,00-0019610
0,0,P.Hape,00-0006804
0,0,0,0
0,0,D.Clark,00-0022165
R.Wayne,00-0020498,R.Wayne,00-0020498
E.James,00-0008241,E.James,00-0008241
R.Wayne,00-0020498,R.Wayne,00-0020498
E.James,00-0008241,E.James,00-0008241
M.Pollard,00-0013080,M.Pollard,00-0013080
E.James,00-0008241,E.James,00-0008241
0,0,M.Pollard,00-0013080
J.Mungro,00-0020700,J.Mungro,00-0020700
0,0,0,0
0,0,0,0
0,0,R.Smith,00-0015290
T.Bell,00-0022893,T.Bell,00-0022893
T.Bell,00-0022893,T.Bell,00-0022893
0,0,0,0
D.Clark,00-0022165,D.Clark,00-0022165
R.Wayne,00-0020498,R.Wayne,00-0020498
M.Pollard,00-0013080,M.Pollard,00-0013080
E.James,00-0008241,E.James,00-0008241
0,0,0,0
D.Clark,00-0022165,D.Clark,00-0022165
0,0,0,0
D.Clark,00-0022165,D.Clark,00-0022165
0,0,R.Wayne,00-0020498
E.James,00-0008241,E.James,00-0008241
0,0,0,0
0,0,0,0
R.Droughns,00-0019610,R.Droughns,00-0019610
0,0,0,0
R.Droughns,00-0019610,R.Droughns,00-0019610
0,0,R.Smith,00-0015290
R.Droughns,00-0019610,R.Droughns,00-0019610
0,0,J.Putzier,00-0021100
E.James,00-0008241,E.James,00-0008241
R.Wayne,00-0020498,R.Wayne,00-0020498
E.James,00-0008241,E.James,00-0008241
0,0,B.Stokley,00-0015754
0,0,M.Pollard,00-0013080
T.Bell,00-0022893,T.Bell,00-0022893
T.Bell,00-0022893,T.Bell,00-0022893
0,0,A.Lelie,00-0021152
0,0,0,0
D.Clark,00-0022165,D.Clark,00-0022165
E.James,00-0008241,E.James,00-0008241
B.Stokley,00-0015754,B.Stokley,00-0015754
D.Clark,00-0022165,D.Clark,00-0022165
0,0,0,0
0,0,0,0
P.Hape,00-0006804,P.Hape,00-0006804
R.Smith,00-0015290,R.Smith,00-0015290
R.Smith,00-0015290,R.Smith,00-0015290
R.Droughns,00-0019610,R.Droughns,00-0019610
0,0,J.Putzier,00-0021100
0,0,A.Lelie,00-0021152
0,0,0,0
0,0,0,0
M.Harrison,00-0007024,M.Harrison,00-0007024
R.Wayne,00-0020498,R.Wayne,00-0020498
0,0,0,0
0,0,0,0
0,0,D.Watts,00-0022751
0,0,0,0
T.Bell,00-0022893,T.Bell,00-0022893
0,0,0,0
E.James,00-0008241,E.James,00-0008241
0,0,0,0
0,0,R.Wayne,00-0020498
M.Harrison,00-0007024,M.Harrison,00-0007024
M.Harrison,00-0007024,M.Harrison,00-0007024
0,0,D.Rhodes,00-0019863
D.Rhodes,00-0019863,D.Rhodes,00-0019863
R.Wayne,00-0020498,R.Wayne,00-0020498
D.Rhodes,00-0019863,D.Rhodes,00-0019863
P.Manning,00-0010346,P.Manning,00-0010346
0,0,0,0
0,0,0,0
0,0,0,0
R.Smith,00-0015290,R.Smith,00-0015290
R.Droughns,00-0019610,R.Droughns,00-0019610
R.Smith,00-0015290,R.Smith,00-0015290
R.Droughns,00-0019610,R.Droughns,00-0019610
T.Bell,00-0022893,T.Bell,00-0022893
J.Plummer,00-0013042,J.Plummer,00-0013042
T.Bell,00-0022893,T.Bell,00-0022893
T.Bell,00-0022893,T.Bell,00-0022893
T.Bell,00-0022893,T.Bell,00-0022893
R.Smith,00-0015290,R.Smith,00-0015290
0,0,0,0
0,0,0,0
E.James,00-0008241,E.James,00-0008241
M.Harrison,00-0007024,M.Harrison,00-0007024
E.James,00-0008241,E.James,00-0008241
0,0,0,0
A.Lelie,00-0021152,A.Lelie,00-0021152
R.Droughns,00-0019610,R.Droughns,00-0019610
P.Hape,00-0006804,P.Hape,00-0006804
R.Droughns,00-0019610,R.Droughns,00-0019610
D.Carswell,00-0002709,D.Carswell,00-0002709
R.Droughns,00-0019610,R.Droughns,00-0019610
D.Watts,00-0022751,D.Watts,00-0022751
T.Bell,00-0022893,T.Bell,00-0022893
J.Putzier,00-0021100,J.Putzier,00-0021100
0,0,0,0
0,0,0,0
R.Wayne,00-0020498,R.Wayne,00-0020498
E.James,00-0008241,E.James,00-0008241
0,0,0,0
E.James,00-0008241,E.James,00-0008241
B.Stokley,00-0015754,B.Stokley,00-0015754
E.James,00-0008241,E.James,00-0008241
R.Wayne,00-0020498,R.Wayne,00-0020498
0,0,0,0
0,0,0,0
0,0,T.Bell,00-0022893
T.Bell,00-0022893,T.Bell,00-0022893
T.Bell,00-0022893,T.Bell,00-0022893
0,0,R.Smith,00-0015290
0,0,0,0
J.Putzier,00-0021100,J.Putzier,00-0021100
T.Bell,00-0022893,T.Bell,00-0022893
R.Smith,00-0015290,R.Smith,00-0015290
R.Droughns,00-0019610,R.Droughns,00-0019610
0,0,0,0
J.Putzier,00-0021100,J.Putzier,00-0021100
T.Bell,00-0022893,T.Bell,00-0022893
0,0,0,0
0,0,0,0
E.James,00-0008241,E.James,00-0008241
E.James,00-0008241,E.James,00-0008241
D.Clark,00-0022165,D.Clark,00-0022165
E.James,00-0008241,E.James,00-0008241
D.Rhodes,00-0019863,D.Rhodes,00-0019863
E.James,00-0008241,E.James,00-0008241
E.James,00-0008241,E.James,00-0008241
D.Rhodes,00-0019863,D.Rhodes,00-0019863
D.Rhodes,00-0019863,D.Rhodes,00-0019863
0,0,0,0
0,0,0,0
T.Bell,00-0022893,T.Bell,00-0022893
R.Smith,00-0015290,R.Smith,00-0015290
0,0,0,0
0,0,J.Putzier,00-0021100
T.Bell,00-0022893,T.Bell,00-0022893
0,0,0,0
0,0,0,0
0,0,0,0
E.James,00-0008241,E.James,00-0008241
E.James,00-0008241,E.James,00-0008241
M.Pollard,00-0013080,M.Pollard,00-0013080
0,0,0,0
D.Branch,00-0021192,D.Branch,00-0021192
C.Dillon,00-0004304,C.Dillon,00-0004304
C.Dillon,00-0004304,C.Dillon,00-0004304
0,0,0,0
D.Givens,00-0021353,D.Givens,00-0021353
0,0,0,0
0,0,M.Pollard,00-0013080
E.James,00-0008241,E.James,00-0008241
0,0,D.Clark,00-0022165
0,0,0,0
C.Dillon,00-0004304,C.Dillon,00-0004304
C.Dillon,00-0004304,C.Dillon,00-0004304
0,0,T.Brown,00-0002068
0,0,0,0
E.James,00-0008241,E.James,00-0008241
E.James,00-0008241,E.James,00-0008241
E.James,00-0008241,E.James,00-0008241
M.Harrison,00-0007024,M.Harrison,00-0007024
E.James,00-0008241,E.James,00-0008241
0,0,B.Stokley,00-0015754
0,0,B.Stokley,00-0015754
0,0,0,0
C.Dillon,00-0004304,C.Dillon,00-0004304
C.Dillon,00-0004304,C.Dillon,00-0004304
C.Dillon,00-0004304,C.Dillon,00-0004304
K.Faulk,00-0005091,K.Faulk,00-0005091
0,0,0,0
K.Faulk,00-0005091,K.Faulk,00-0005091
C.Dillon,00-0004304,C.Dillon,00-0004304
D.Patten,00-0012642,D.Patten,00-0012642
0,0,0,0
0,0,0,0
T.Brown,00-0002068,T.Brown,00-0002068
D.Givens,00-0021353,D.Givens,00-0021353
B.Johnson,00-0021993,B.Johnson,00-0021993
T.Brown,00-0002068,T.Brown,00-0002068
T.Brady,00-0019596,T.Brady,00-0019596
C.Dillon,00-0004304,C.Dillon,00-0004304
C.Dillon,00-0004304,C.Dillon,00-0004304
0,0,C.Dillon,00-0004304
0,0,0,0
0,0,0,0
0,0,0,0
0,0,D.Clark,00-0022165
0,0,E.James,00-0008241
0,0,0,0
0,0,D.Givens,00-0021353
C.Dillon,00-0004304,C.Dillon,00-0004304
0,0,D.Branch,00-0021192
0,0,D.Givens,00-0021353
D.Givens,00-0021353,D.Givens,00-0021353
0,0,0,0
0,0,0,0
E.James,00-0008241,E.James,00-0008241
E.James,00-0008241,E.James,00-0008241
B.Stokley,00-0015754,B.Stokley,00-0015754
R.Wayne,00-0020498,R.Wayne,00-0020498
E.James,00-0008241,E.James,00-0008241
M.Harrison,00-0007024,M.Harrison,00-0007024
E.James,00-0008241,E.James,00-0008241
0,0,E.James,00-0008241
D.Rhodes,00-0019863,D.Rhodes,00-0019863
0,0,D.Patten,00-0012642
0,0,0,0
K.Faulk,00-0005091,K.Faulk,00-0005091
0,0,0,0
B.Stokley,00-0015754,B.Stokley,00-0015754
E.James,00-0008241,E.James,00-0008241
B.Stokley,00-0015754,B.Stokley,00-0015754
E.James,00-0008241,E.James,00-0008241
B.Stokley,00-0015754,B.Stokley,00-0015754
0,0,E.James,00-0008241
0,0,E.James,00-0008241
D.Clark,00-0022165,D.Clark,00-0022165
B.Stokley,00-0015754,B.Stokley,00-0015754
M.Harrison,00-0007024,M.Harrison,00-0007024
0,0,R.Wayne,00-0020498
0,0,0,0
0,0,0,0
C.Dillon,00-0004304,C.Dillon,00-0004304
C.Dillon,00-0004304,C.Dillon,00-0004304
0,0,D.Branch,00-0021192
0,0,0,0
E.James,00-0008241,E.James,00-0008241
E.James,00-0008241,E.James,00-0008241
E.James,00-0008241,E.James,00-0008241
E.James,00-0008241,E.James,00-0008241
B.Stokley,00-0015754,B.Stokley,00-0015754
0,0,0,0
C.Dillon,00-0004304,C.Dillon,00-0004304
C.Fauria,00-0005101,C.Fauria,00-0005101
C.Dillon,00-0004304,C.Dillon,00-0004304
C.Dillon,00-0004304,C.Dillon,00-0004304
K.Faulk,00-0005091,K.Faulk,00-0005091
0,0,C.Fauria,00-0005101
C.Dillon,00-0004304,C.Dillon,00-0004304
C.Dillon,00-0004304,C.Dillon,00-0004304
K.Faulk,00-0005091,K.Faulk,00-0005091
P.Pass,00-0019533,P.Pass,00-0019533
C.Dillon,00-0004304,C.Dillon,00-0004304
K.Faulk,00-0005091,K.Faulk,00-0005091
K.Faulk,00-0005091,K.Faulk,00-0005091
K.Faulk,00-0005091,K.Faulk,00-0005091
D.Givens,00-0021353,D.Givens,00-0021353
0,0,0,0
0,0,0,0
E.James,00-0008241,E.James,00-0008241
R.Wayne,00-0020498,R.Wayne,00-0020498
E.James,00-0008241,E.James,00-0008241
0,0,0,0
0,0,E.James,00-0008241
0,0,B.Stokley,00-0015754
0,0,0,0
C.Dillon,00-0004304,C.Dillon,00-0004304
0,0,D.Patten,00-0012642
K.Faulk,00-0005091,K.Faulk,00-0005091
C.Dillon,00-0004304,C.Dillon,00-0004304
D.Graham,00-0021154,D.Graham,00-0021154
0,0,D.Givens,00-0021353
0,0,D.Givens,00-0021353
D.Branch,00-0021192,D.Branch,00-0021192
C.Dillon,00-0004304,C.Dillon,00-0004304
C.Dillon,00-0004304,C.Dillon,00-0004304
T.Brady,00-0019596,T.Brady,00-0019596
K.Faulk,00-0005091,K.Faulk,00-0005091
K.Faulk,00-0005091,K.Faulk,00-0005091
C.Dillon,00-0004304,C.Dillon,00-0004304
T.Brady,00-0019596,T.Brady,00-0019596
0,0,0,0
0,0,0,0
0,0,E.James,00-0008241
R.Wayne,00-0020498,R.Wayne,00-0020498
C.Dillon,00-0004304,C.Dillon,00-0004304
C.Dillon,00-0004304,C.Dillon,00-0004304
C.Dillon,00-0004304,C.Dillon,00-0004304
C.Dillon,00-0004304,C.Dillon,00-0004304
K.Faulk,00-0005091,K.Faulk,00-0005091
0,0,0,0
0,0,0,0
0,0,R.Wayne,00-0020498
B.Stokley,00-0015754,B.Stokley,00-0015754
0,0,E.James,00-0008241
P.Manning,00-0010346,P.Manning,00-0010346
E.James,00-0008241,E.James,00-0008241
E.James,00-0008241,E.James,00-0008241
B.Stokley,00-0015754,B.Stokley,00-0015754
M.Harrison,00-0007024,M.Harrison,00-0007024
M.Harrison,00-0007024,M.Harrison,00-0007024
0,0,M.Harrison,00-0007024
0,0,D.Clark,00-0022165
D.Clark,00-0022165,D.Clark,00-0022165
0,0,M.Harrison,00-0007024
T.Brady,00-0019596,T.Brady,00-0019596
0,0,0,0
