,receiver_player_name,play_type,week,posteam,receiving_yards,first_down_rush,first_down_pass,first_down_penalty,third_down_converted,third_down_failed,fourth_down_converted,fourth_down_failed,incomplete_pass,interception,fumble_forced,fumble_not_forced,fumble_out_of_bounds,solo_tackle,safety,penalty,tackled_for_loss,fumble_lost,qb_hit,rush_attempt,pass_attempt,sack,touchdown,pass_touchdown,rush_touchdown,return_touchdown,fumble,complete_pass,assist_tackle,lateral_reception,lateral_rush,lateral_return,lateral_recovery,penalty_yards,aborted_play,success,first_down,out_of_bounds,no_score_prob,opp_fg_prob,opp_safety_prob,opp_td_prob,fg_prob,safety_prob,td_prob,extra_point_prob,two_point_conversion_prob,ep,epa,total_home_epa,total_away_epa,total_home_rush_epa,total_away_rush_epa,total_home_pass_epa,total_away_pass_epa,air_epa,yac_epa,comp_air_epa,comp_yac_epa,total_home_comp_air_epa,total_away_comp_air_epa,total_home_comp_yac_epa,total_away_comp_yac_epa,total_home_raw_air_epa,total_away_raw_air_epa,total_home_raw_yac_epa,total_away_raw_yac_epa,wp,def_wp,home_wp,away_wp,wpa,home_wp_post,away_wp_post,total_home_rush_wpa,total_away_rush_wpa,total_home_pass_wpa,total_away_pass_wpa,air_wpa,yac_wpa,comp_air_wpa,comp_yac_wpa,total_home_comp_air_wpa,total_away_comp_air_wpa,total_home_comp_yac_wpa,total_away_comp_yac_wpa,total_home_raw_air_wpa,total_away_raw_air_wpa,total_home_raw_yac_wpa,total_away_raw_yac_wpa,cp,cpoe,qb_epa,xyac_epa,xyac_mean_yardage,xyac_median_yardage,xyac_success,xyac_fd,xpass,ydstogo
0,C.Fauria,pass,1,NE,5.0,0.0,0.0,0.0,0.0,0.0,0.0,0.0,0.0,0.0,0.0,0.0,0.0,1.0,0.0,0.0,0.0,0.0,0.0,0.0,1.0,0.0,0.0,0.0,0.0,0.0,0.0,1.0,0.0,0.0,0.0,0.0,0.0,0.0,0.0,1.0,0.0,0.0,0.15338153,0.15125431,0.0036909399,0.22886574,0.17732775,0.0045870794,0.2808926,0.0,0.0,0.44420066,0.00066091213,0.582139,-0.582139,-5.495803,5.495803,6.9394555,-6.9394555,0.0,0.0,0.0,0.0,0.0,0.0,0.0,0.0,0.0,0.0,0.0,0.0,0.7283587,0.2716413,0.7283587,0.2716413,0.015931606,0.7442903,0.2557097,0.02390181,-0.02390181,0.19713928,-0.19713928,0.0,0.0,0.0,0.0,0.0,0.0,0.0,0.0,0.0,0.0,0.0,0.0,0.0,0.0,0.00066091213,0.0,0.0,0.0,0.0,0.0,0.0,10.0
1,D.Graham,pass,1,NE,57.0,0.0,3.0,0.0,1.0,0.0,0.0,0.0,0.0,0.0,0.0,0.0,0.0,3.0,0.0,0.0,0.0,0.0,0.0,0.0,7.0,0.0,1.0,1.0,0.0,0.0,0.0,7.0,2.0,0.0,0.0,0.0,0.0,0.0,0.0,6.0,3.0,2.0,0.35517558,0.051071275,0.0011840938,0.073909976,0.2584893,0.0016704845,0.25849926,0.0,0.0,1.9153519,0.4385036,-1.7821037,1.7821037,-5.1211696,5.1211696,3.6361337,-3.6361337,0.0,0.0,0.0,0.0,0.0,0.0,0.0,0.0,0.0,0.0,0.0,0.0,0.51199085,0.48800912,0.51199085,0.48800912,0.010846057,0.5228369,0.47716308,-0.07732473,0.07732473,0.07101809,-0.07101809,0.0,0.0,0.0,0.0,0.0,0.0,0.0,0.0,0.0,0.0,0.0,0.0,0.0,0.0,0.4385036,0.0,0.0,0.0,0.0,0.0,0.0,7.714286
2,D.Branch,pass,1,NE,86.0,0.0,5.0,0.0,1.0,0.0,0.0,0.0,0.0,0.0,0.0,0.0,0.0,3.0,0.0,0.0,0.0,0.0,0.0,0.0,7.0,0.0,1.0,1.0,0.0,0.0,0.0,7.0,2.0,0.0,0.0,0.0,0.0,0.0,0.0,5.0,5.0,1.0,0.040993985,0.1191772,0.005446675,0.17168327,0.2749793,0.0030542302,0.3846654,0.0,0.0,1.9534961,1.3394068,0.014596598,-0.014596598,-4.099817,4.099817,4.171987,-4.171987,0.0,0.0,0.0,0.0,0.0,0.0,0.0,0.0,0.0,0.0,0.0,0.0,0.5035883,0.4964117,0.5035883,0.4964117,0.05108831,0.5546766,0.4453234,-0.08975739,0.08975739,0.112659626,-0.112659626,0.0,0.0,0.0,0.0,0.0,0.0,0.0,0.0,0.0,0.0,0.0,0.0,0.0,0.0,1.3394068,0.0,0.0,0.0,0.0,0.0,0.0,10.857142
3,D.Patten,pass,1,NE,86.0,0.0,4.0,0.0,1.0,0.0,0.0,0.0,0.0,0.0,0.0,0.0,0.0,3.0,0.0,0.0,0.0,0.0,0.0,0.0,4.0,0.0,1.0,1.0,0.0,0.0,0.0,4.0,0.0,0.0,0.0,0.0,0.0,0.0,0.0,4.0,4.0,0.0,0.06168805,0.104363635,0.0017692265,0.16233453,0.30802843,0.003701878,0.35811424,0.0,0.0,1.9853176,2.2001703,0.626073,-0.626073,-5.8027325,5.8027325,6.12778,-6.12778,0.0,0.0,0.0,0.0,0.0,0.0,0.0,0.0,0.0,0.0,0.0,0.0,0.56968516,0.43031484,0.56968516,0.43031484,0.06896507,0.63865024,0.36134976,-0.074469164,0.074469164,0.1544506,-0.1544506,0.0,0.0,0.0,0.0,0.0,0.0,0.0,0.0,0.0,0.0,0.0,0.0,0.0,0.0,2.2001703,0.0,0.0,0.0,0.0,0.0,0.0,11.5
4,B.Johnson,pass,1,NE,5.0,0.0,1.0,0.0,1.0,0.0,0.0,0.0,0.0,0.0,0.0,0.0,0.0,1.0,0.0,0.0,0.0,0.0,0.0,0.0,1.0,0.0,0.0,0.0,0.0,0.0,0.0,1.0,0.0,0.0,0.0,0.0,0.0,0.0,0.0,1.0,1.0,0.0,0.1191503,0.042183906,0.00045149628,0.0738732,0.3719572,0.001193034,0.3911909,0.0,0.0,3.2120268,0.93750024,-5.217799,5.217799,-7.5727825,7.5727825,3.3328898,-3.3328898,0.0,0.0,0.0,0.0,0.0,0.0,0.0,0.0,0.0,0.0,0.0,0.0,0.3746043,0.62539566,0.3746043,0.62539566,0.020484239,0.39508855,0.60491145,-0.17651491,0.17651491,0.06277421,-0.06277421,0.0,0.0,0.0,0.0,0.0,0.0,0.0,0.0,0.0,0.0,0.0,0.0,0.0,0.0,0.93750024,0.0,0.0,0.0,0.0,0.0,0.0,2.0
5,B.Watson,pass,1,NE,16.0,0.0,1.0,0.0,1.0,0.0,0.0,0.0,0.0,0.0,0.0,0.0,0.0,1.0,0.0,0.0,0.0,0.0,0.0,0.0,2.0,0.0,0.0,0.0,0.0,0.0,0.0,2.0,1.0,0.0,0.0,0.0,0.0,0.0,0.0,1.0,1.0,0.0,0.005023114,0.058002524,0.00078358816,0.082361415,0.46798015,0.0013726823,0.38447648,0.0,0.0,3.3459167,0.6717773,3.2009277,-3.2009277,0.0,0.0,1.9868811,-1.9868811,0.0,0.0,0.0,0.0,0.0,0.0,0.0,0.0,0.0,0.0,0.0,0.0,0.60859007,0.39140993,0.60859007,0.39140993,0.024627954,0.63321805,0.36678198,0.0,0.0,0.060644656,-0.060644656,0.0,0.0,0.0,0.0,0.0,0.0,0.0,0.0,0.0,0.0,0.0,0.0,0.0,0.0,0.6717773,0.0,0.0,0.0,0.0,0.0,0.0,9.0
6,D.Givens,pass,1,NE,80.0,0.0,4.0,0.0,1.0,0.0,0.0,0.0,0.0,0.0,0.0,0.0,0.0,3.0,0.0,0.0,0.0,0.0,0.0,0.0,4.0,0.0,0.0,0.0,0.0,0.0,0.0,4.0,1.0,0.0,0.0,0.0,0.0,0.0,0.0,4.0,4.0,0.0,0.20016885,0.10043286,0.0052787364,0.15088451,0.21382977,0.0047763963,0.3246289,0.0,0.0,1.5553966,1.2228487,2.8196719,-2.8196719,-2.6908488,2.6908488,6.977625,-6.977625,0.0,0.0,0.0,0.0,0.0,0.0,0.0,0.0,0.0,0.0,0.0,0.0,0.7149185,0.2850815,0.7149185,0.2850815,0.042280853,0.75719935,0.24280067,0.08884914,-0.08884914,0.20716989,-0.20716989,0.0,0.0,0.0,0.0,0.0,0.0,0.0,0.0,0.0,0.0,0.0,0.0,0.0,0.0,1.2228487,0.0,0.0,0.0,0.0,0.0,0.0,7.5
7,T.Fleming,pass,2,TEN,4.0,0.0,0.0,0.0,0.0,0.0,0.0,1.0,0.0,0.0,0.0,0.0,0.0,0.0,0.0,0.0,0.0,0.0,0.0,0.0,1.0,0.0,0.0,0.0,0.0,0.0,0.0,1.0,1.0,0.0,0.0,0.0,0.0,0.0,0.0,0.0,0.0,0.0,0.4204585,0.10264369,0.0007666829,0.18435162,0.102032475,0.011900312,0.17784671,0.0,0.0,-0.025100745,-1.8601793,-11.947863,11.947863,-2.942869,2.942869,-5.7085176,5.7085176,0.0,0.0,0.0,0.0,0.0,0.0,0.0,0.0,0.0,0.0,0.0,0.0,0.12197853,0.8780215,0.12197853,0.8780215,-0.061320014,0.060658514,0.9393415,-0.1512856,0.1512856,-0.22879624,0.22879624,0.0,0.0,0.0,0.0,0.0,0.0,0.0,0.0,0.0,0.0,0.0,0.0,0.0,0.0,-1.8601793,0.0,0.0,0.0,0.0,0.0,0.0,10.0
8,E.Berlin,pass,2,TEN,19.0,0.0,1.0,0.0,0.0,0.0,0.0,0.0,0.0,0.0,0.0,0.0,0.0,0.0,0.0,0.0,0.0,0.0,0.0,0.0,1.0,0.0,0.0,0.0,0.0,0.0,0.0,1.0,1.0,0.0,0.0,0.0,0.0,0.0,0.0,1.0,1.0,0.0,0.6262807,0.030988296,0.0006528036,0.049664527,0.08099879,0.001965833,0.20944901,0.0,0.0,1.2711489,0.80780804,-15.851121,15.851121,-8.351509,8.351509,-4.4038467,4.4038467,0.0,0.0,0.0,0.0,0.0,0.0,0.0,0.0,0.0,0.0,0.0,0.0,0.0036241726,0.9963758,0.0036241726,0.9963758,2.5266549e-05,0.0036494392,0.9963506,-0.20742315,0.20742315,-0.22959311,0.22959311,0.0,0.0,0.0,0.0,0.0,0.0,0.0,0.0,0.0,0.0,0.0,0.0,0.0,0.0,0.80780804,0.0,0.0,0.0,0.0,0.0,0.0,3.0
9,E. Kinney,pass,2,TEN,45.0,0.0,4.0,0.0,1.0,0.0,0.0,0.0,0.0,0.0,0.0,0.0,0.0,4.0,0.0,0.0,0.0,0.0,0.0,0.0,6.0,0.0,0.0,0.0,0.0,0.0,0.0,6.0,2.0,0.0,0.0,0.0,0.0,0.0,0.0,6.0,4.0,0.0,0.3827603,0.07695065,0.0014673639,0.11672386,0.15773349,0.003409126,0.26095524,0.0,0.0,1.2558516,0.522223,-5.2606034,5.2606034,-3.1507885,3.1507885,0.31834784,-0.31834784,0.0,0.0,0.0,0.0,0.0,0.0,0.0,0.0,0.0,0.0,0.0,0.0,0.34681228,0.6531877,0.34681228,0.6531877,0.01598481,0.3627971,0.6372029,-0.0710155,0.0710155,-0.020184273,0.020184273,0.0,0.0,0.0,0.0,0.0,0.0,0.0,0.0,0.0,0.0,0.0,0.0,0.0,0.0,0.522223,0.0,0.0,0.0,0.0,0.0,0.0,6.8333335
10,D.Mason,pass,2,TEN,104.0,0.0,5.0,0.0,2.0,0.0,0.0,0.0,0.0,0.0,0.0,0.0,0.0,7.0,0.0,0.0,0.0,0.0,0.0,0.0,8.0,0.0,0.0,0.0,0.0,0.0,0.0,8.0,1.0,0.0,0.0,0.0,0.0,0.0,0.0,7.0,5.0,1.0,0.18022501,0.07725231,0.0011579639,0.1262213,0.2567635,0.004582052,0.35379785,0.0,0.0,2.1384175,0.9500235,-1.160928,1.160928,-0.7091763,0.7091763,2.000486,-2.000486,0.0,0.0,0.0,0.0,0.0,0.0,0.0,0.0,0.0,0.0,0.0,0.0,0.45973128,0.5402687,0.45973128,0.5402687,0.024281036,0.48401234,0.5159877,-0.02187533,0.02187533,0.048692502,-0.048692502,0.0,0.0,0.0,0.0,0.0,0.0,0.0,0.0,0.0,0.0,0.0,0.0,0.0,0.0,0.9500235,0.0,0.0,0.0,0.0,0.0,0.0,8.0
11,B.Troupe,pass,2,TEN,12.0,0.0,0.0,0.0,0.0,0.0,0.0,0.0,0.0,0.0,0.0,0.0,0.0,1.0,0.0,0.0,0.0,0.0,0.0,0.0,2.0,0.0,0.0,0.0,0.0,0.0,0.0,2.0,0.0,0.0,0.0,0.0,0.0,0.0,0.0,1.0,0.0,1.0,0.047381535,0.076495595,0.00089978485,0.12532116,0.32211196,0.004728111,0.4230618,0.0,0.0,2.8286903,0.2763153,1.5383584,-1.5383584,0.061218828,-0.061218828,3.285628,-3.285628,0.0,0.0,0.0,0.0,0.0,0.0,0.0,0.0,0.0,0.0,0.0,0.0,0.61249936,0.38750067,0.61249936,0.38750067,0.008337975,0.62083733,0.3791627,0.020056427,-0.020056427,0.11880889,-0.11880889,0.0,0.0,0.0,0.0,0.0,0.0,0.0,0.0,0.0,0.0,0.0,0.0,0.0,0.0,0.2763153,0.0,0.0,0.0,0.0,0.0,0.0,10.0
12,C.Brown,pass,2,TEN,8.0,0.0,0.0,0.0,0.0,0.0,0.0,0.0,0.0,0.0,0.0,0.0,0.0,1.0,0.0,0.0,0.0,0.0,0.0,0.0,1.0,0.0,0.0,0.0,0.0,0.0,0.0,1.0,0.0,0.0,0.0,0.0,0.0,0.0,0.0,1.0,0.0,0.0,0.45502487,0.105865695,0.0066024195,0.15905361,0.10997623,0.0024360765,0.16104108,0.0,0.0,0.017911231,0.40112013,6.6544194,-6.6544194,0.90863866,-0.90863866,6.373333,-6.373333,0.0,0.0,0.0,0.0,0.0,0.0,0.0,0.0,0.0,0.0,0.0,0.0,0.73423594,0.26576406,0.73423594,0.26576406,0.03355956,0.7677955,0.2322045,0.0739501,-0.0739501,0.18941799,-0.18941799,0.0,0.0,0.0,0.0,0.0,0.0,0.0,0.0,0.0,0.0,0.0,0.0,0.0,0.0,0.40112013,0.0,0.0,0.0,0.0,0.0,0.0,10.0
13,D.Bennett,pass,2,TEN,85.0,0.0,5.0,0.0,1.0,1.0,0.0,0.0,0.0,0.0,0.0,0.0,0.0,4.0,0.0,0.0,0.0,0.0,0.0,0.0,7.0,0.0,0.0,0.0,0.0,0.0,0.0,7.0,2.0,0.0,0.0,0.0,0.0,0.0,0.0,7.0,5.0,2.0,0.12795767,0.07768808,0.0038695314,0.13520129,0.2914238,0.0038328615,0.3600268,0.0,0.0,2.2149122,0.9660865,2.3046222,-2.3046222,0.35530704,-0.35530704,3.478127,-3.478127,0.0,0.0,0.0,0.0,0.0,0.0,0.0,0.0,0.0,0.0,0.0,0.0,0.5701042,0.42989582,0.5701042,0.42989582,0.026652683,0.5967569,0.40324312,0.026201872,-0.026201872,0.08742082,-0.08742082,0.0,0.0,0.0,0.0,0.0,0.0,0.0,0.0,0.0,0.0,0.0,0.0,0.0,0.0,0.9660865,0.0,0.0,0.0,0.0,0.0,0.0,8.857142
14,W.Henderson,pass,3,GB,20.0,0.0,2.0,0.0,2.0,0.0,0.0,0.0,0.0,0.0,0.0,0.0,0.0,1.0,0.0,0.0,0.0,0.0,0.0,0.0,2.0,0.0,0.0,0.0,0.0,0.0,0.0,2.0,1.0,0.0,0.0,0.0,0.0,0.0,0.0,2.0,2.0,0.0,0.27563608,0.104000844,0.002260847,0.1809443,0.16281831,0.0031120211,0.27122763,0.0,0.0,0.81013817,1.4639281,0.5619536,-0.5619536,-2.177336,2.177336,8.42182,-8.42182,0.0,0.0,0.0,0.0,0.0,0.0,0.0,0.0,0.0,0.0,0.0,0.0,0.17163806,0.8283619,0.8283619,0.17163806,0.033233263,0.7951287,0.20487133,-0.009154096,0.009154096,0.24270087,-0.24270087,0.0,0.0,0.0,0.0,0.0,0.0,0.0,0.0,0.0,0.0,0.0,0.0,0.0,0.0,1.4639281,0.0,0.0,0.0,0.0,0.0,0.0,5.5
15,R.Ferguson,pass,3,GB,11.0,0.0,1.0,0.0,0.0,0.0,0.0,0.0,0.0,0.0,0.0,0.0,0.0,1.0,0.0,0.0,0.0,0.0,0.0,0.0,1.0,0.0,0.0,0.0,0.0,0.0,0.0,1.0,0.0,0.0,0.0,0.0,0.0,0.0,0.0,1.0,1.0,0.0,0.6243971,0.012879702,0.00055479835,0.014208163,0.16389531,0.00040256322,0.18366235,0.0,0.0,1.6389217,0.6257461,2.7386377,-2.7386377,-2.225529,2.225529,6.496384,-6.496384,0.0,0.0,0.0,0.0,0.0,0.0,0.0,0.0,0.0,0.0,0.0,0.0,0.0026608165,0.9973392,0.9973392,0.0026608165,0.0,0.9973392,0.0026608165,0.07177838,-0.07177838,0.34853086,-0.34853086,0.0,0.0,0.0,0.0,0.0,0.0,0.0,0.0,0.0,0.0,0.0,0.0,0.0,0.0,0.6257461,0.0,0.0,0.0,0.0,0.0,0.0,10.0
16,A.Green,pass,3,GB,34.0,0.0,3.0,0.0,0.0,0.0,0.0,0.0,0.0,0.0,0.0,0.0,0.0,3.0,0.0,0.0,0.0,0.0,0.0,0.0,4.0,0.0,0.0,0.0,0.0,0.0,0.0,4.0,1.0,0.0,0.0,0.0,0.0,0.0,0.0,3.0,3.0,1.0,0.40244135,0.07850131,0.00202831,0.11312579,0.19444181,0.0020004888,0.20746092,0.0,0.0,1.0081117,0.41433018,5.6580663,-5.6580663,-1.6121039,1.6121039,8.405811,-8.405811,0.0,0.0,0.0,0.0,0.0,0.0,0.0,0.0,0.0,0.0,0.0,0.0,0.10891733,0.89108264,0.89108264,0.10891733,0.007952521,0.88313013,0.11686985,0.017961785,-0.017961785,0.25454327,-0.25454327,0.0,0.0,0.0,0.0,0.0,0.0,0.0,0.0,0.0,0.0,0.0,0.0,0.0,0.0,0.41433018,0.0,0.0,0.0,0.0,0.0,0.0,6.75
17,B.Franks,pass,3,GB,35.0,0.0,2.0,0.0,0.0,0.0,0.0,0.0,0.0,0.0,0.0,0.0,0.0,2.0,0.0,0.0,0.0,0.0,0.0,0.0,4.0,0.0,0.0,0.0,0.0,0.0,0.0,4.0,2.0,0.0,0.0,0.0,0.0,0.0,0.0,4.0,2.0,0.0,0.18315594,0.09686794,0.0043800357,0.16472241,0.22383708,0.002858784,0.32417783,0.0,0.0,1.4940529,0.59161663,1.7733519,-1.7733519,-1.6663226,1.6663226,5.9566994,-5.9566994,0.0,0.0,0.0,0.0,0.0,0.0,0.0,0.0,0.0,0.0,0.0,0.0,0.16397311,0.8360269,0.8360269,0.16397311,0.0025117851,0.8335151,0.16648489,0.018160501,-0.018160501,0.21822208,-0.21822208,0.0,0.0,0.0,0.0,0.0,0.0,0.0,0.0,0.0,0.0,0.0,0.0,0.0,0.0,0.59161663,0.0,0.0,0.0,0.0,0.0,0.0,8.0
18,T.Fisher,pass,3,GB,16.0,0.0,1.0,0.0,1.0,0.0,0.0,0.0,0.0,0.0,0.0,0.0,0.0,2.0,0.0,0.0,0.0,0.0,0.0,0.0,4.0,0.0,0.0,0.0,0.0,0.0,0.0,4.0,2.0,0.0,0.0,0.0,0.0,0.0,0.0,3.0,1.0,0.0,0.29641816,0.021193603,0.00087460596,0.03476772,0.3298899,0.0007905523,0.31606546,0.0,0.0,2.895005,0.0009724796,3.8885272,-3.8885272,-2.1815886,2.1815886,8.278441,-8.278441,0.0,0.0,0.0,0.0,0.0,0.0,0.0,0.0,0.0,0.0,0.0,0.0,0.06796521,0.9320348,0.9320348,0.06796521,-0.008308487,0.94034326,0.05965672,0.04071396,-0.04071396,0.30557102,-0.30557102,0.0,0.0,0.0,0.0,0.0,0.0,0.0,0.0,0.0,0.0,0.0,0.0,0.0,0.0,0.0009724796,0.0,0.0,0.0,0.0,0.0,0.0,8.25
19,J.Walker,pass,3,GB,198.0,0.0,6.0,0.0,2.0,1.0,0.0,0.0,0.0,0.0,1.0,0.0,0.0,6.0,0.0,0.0,0.0,1.0,0.0,0.0,11.0,0.0,3.0,3.0,0.0,0.0,1.0,11.0,2.0,0.0,0.0,0.0,0.0,0.0,0.0,10.0,6.0,0.0,0.16028227,0.104406685,0.00302208,0.18120137,0.23882617,0.0032670284,0.3089944,0.0,0.0,1.2982997,1.2113212,0.8480351,-0.8480351,-1.2761264,1.2761264,4.7621903,-4.7621903,0.0,0.0,0.0,0.0,0.0,0.0,0.0,0.0,0.0,0.0,0.0,0.0,0.18467139,0.8153286,0.8153286,0.18467139,0.024093915,0.79123473,0.20876528,0.017159827,-0.017159827,0.17864634,-0.17864634,0.0,0.0,0.0,0.0,0.0,0.0,0.0,0.0,0.0,0.0,0.0,0.0,0.0,0.0,1.7135695,0.0,0.0,0.0,0.0,0.0,0.0,8.818182
20,D.Driver,pass,3,GB,64.0,0.0,3.0,0.0,1.0,0.0,0.0,0.0,0.0,0.0,0.0,0.0,0.0,5.0,0.0,0.0,0.0,0.0,0.0,0.0,6.0,0.0,1.0,1.0,0.0,0.0,0.0,6.0,0.0,0.0,0.0,0.0,0.0,0.0,0.0,4.0,3.0,1.0,0.08961754,0.11246414,0.0027041186,0.19383657,0.26713583,0.0043363,0.3299055,0.0,0.0,1.419762,1.1338873,-0.15151684,0.15151684,-1.2889491,1.2889491,3.2585917,-3.2585917,0.0,0.0,0.0,0.0,0.0,0.0,0.0,0.0,0.0,0.0,0.0,0.0,0.16055652,0.8394435,0.8394435,0.16055652,0.018634299,0.8208092,0.17919081,0.033766832,-0.033766832,0.19528091,-0.19528091,0.0,0.0,0.0,0.0,0.0,0.0,0.0,0.0,0.0,0.0,0.0,0.0,0.0,0.0,1.1338873,0.0,0.0,0.0,0.0,0.0,0.0,12.166667
21,A.Chatman,pass,3,GB,14.0,0.0,1.0,0.0,1.0,0.0,0.0,0.0,0.0,0.0,0.0,0.0,0.0,1.0,0.0,0.0,0.0,0.0,0.0,0.0,2.0,0.0,0.0,0.0,0.0,0.0,0.0,2.0,1.0,0.0,0.0,0.0,0.0,0.0,0.0,2.0,1.0,0.0,0.014565805,0.12800056,0.0046427287,0.23907974,0.24158153,0.004167926,0.36796176,0.0,0.0,1.2419676,0.97057074,4.0513344,-4.0513344,-0.93227327,0.93227327,5.6546555,-5.6546555,0.0,0.0,0.0,0.0,0.0,0.0,0.0,0.0,0.0,0.0,0.0,0.0,0.10687881,0.89312124,0.89312124,0.10687881,0.013809994,0.8793112,0.1206888,0.035405286,-0.035405286,0.21704009,-0.21704009,0.0,0.0,0.0,0.0,0.0,0.0,0.0,0.0,0.0,0.0,0.0,0.0,0.0,0.0,0.97057074,0.0,0.0,0.0,0.0,0.0,0.0,6.5
22,E.Wilford,pass,4,JAX,56.0,0.0,2.0,0.0,1.0,0.0,0.0,0.0,0.0,0.0,0.0,0.0,0.0,6.0,0.0,0.0,0.0,0.0,0.0,0.0,6.0,0.0,0.0,0.0,0.0,0.0,0.0,6.0,0.0,0.0,0.0,0.0,0.0,0.0,0.0,5.0,2.0,1.0,0.42662504,0.04448706,0.0008206111,0.06435451,0.2866297,0.0018319177,0.17525111,0.0,0.0,1.5047269,0.6905051,-7.260477,7.260477,-8.99698,8.99698,1.9342219,-1.9342219,0.0,0.0,0.0,0.0,0.0,0.0,0.0,0.0,0.0,0.0,0.0,0.0,0.2933195,0.70668054,0.2933195,0.70668054,0.00737567,0.30069515,0.6993048,-0.29361472,0.29361472,0.013902494,-0.013902494,0.0,0.0,0.0,0.0,0.0,0.0,0.0,0.0,0.0,0.0,0.0,0.0,0.0,0.0,0.6905051,0.0,0.0,0.0,0.0,0.0,0.0,10.0
23,G.Wrighster,pass,4,JAX,27.0,0.0,1.0,0.0,1.0,1.0,0.0,0.0,0.0,0.0,0.0,0.0,0.0,1.0,0.0,0.0,0.0,0.0,0.0,0.0,3.0,0.0,0.0,0.0,0.0,0.0,0.0,3.0,2.0,0.0,0.0,0.0,0.0,0.0,0.0,3.0,1.0,0.0,0.2829437,0.10035195,0.0015681359,0.1451823,0.18188341,0.004526119,0.28354442,0.0,0.0,1.2190453,0.60379237,-6.9772987,6.9772987,-10.179673,10.179673,3.3221824,-3.3221824,0.0,0.0,0.0,0.0,0.0,0.0,0.0,0.0,0.0,0.0,0.0,0.0,0.2617871,0.7382129,0.2617871,0.7382129,0.020109527,0.28189662,0.7181034,-0.34877312,0.34877312,0.06622844,-0.06622844,0.0,0.0,0.0,0.0,0.0,0.0,0.0,0.0,0.0,0.0,0.0,0.0,0.0,0.0,0.60379237,0.0,0.0,0.0,0.0,0.0,0.0,8.333333
24,R.Williams,pass,4,JAX,40.0,0.0,2.0,0.0,0.0,0.0,0.0,0.0,0.0,0.0,0.0,0.0,0.0,3.0,0.0,0.0,0.0,0.0,0.0,0.0,3.0,0.0,0.0,0.0,0.0,0.0,0.0,3.0,0.0,0.0,0.0,0.0,0.0,0.0,0.0,3.0,2.0,1.0,0.30249378,0.070148915,0.0011122859,0.10174894,0.23407781,0.004238902,0.28617933,0.0,0.0,1.7890526,0.7245057,-4.7260585,4.7260585,-7.375267,7.375267,2.3865113,-2.3865113,0.0,0.0,0.0,0.0,0.0,0.0,0.0,0.0,0.0,0.0,0.0,0.0,0.36660144,0.6333986,0.36660144,0.6333986,0.042154726,0.40875614,0.59124386,-0.21851341,0.21851341,0.037402663,-0.037402663,0.0,0.0,0.0,0.0,0.0,0.0,0.0,0.0,0.0,0.0,0.0,0.0,0.0,0.0,0.7245057,0.0,0.0,0.0,0.0,0.0,0.0,9.333333
25,J.Smith,pass,4,JAX,59.0,0.0,2.0,0.0,0.0,0.0,1.0,0.0,0.0,0.0,0.0,0.0,0.0,2.0,0.0,0.0,0.0,0.0,0.0,0.0,3.0,0.0,1.0,1.0,0.0,0.0,0.0,3.0,0.0,0.0,0.0,0.0,0.0,0.0,0.0,3.0,2.0,1.0,0.05984516,0.1528546,0.0024007258,0.22369729,0.2038445,0.007642632,0.34971508,0.0,0.0,1.0455781,2.398706,-5.693441,5.693441,-9.948306,9.948306,3.268036,-3.268036,0.0,0.0,0.0,0.0,0.0,0.0,0.0,0.0,0.0,0.0,0.0,0.0,0.2737111,0.726289,0.2737111,0.726289,0.10689665,0.38060772,0.6193923,-0.30324206,0.30324206,0.07845014,-0.07845014,0.0,0.0,0.0,0.0,0.0,0.0,0.0,0.0,0.0,0.0,0.0,0.0,0.0,0.0,2.398706,0.0,0.0,0.0,0.0,0.0,0.0,7.3333335
26,F.Taylor,pass,4,JAX,31.0,0.0,2.0,0.0,1.0,0.0,0.0,0.0,0.0,0.0,0.0,0.0,0.0,3.0,0.0,0.0,0.0,0.0,0.0,0.0,3.0,0.0,0.0,0.0,0.0,0.0,0.0,3.0,0.0,0.0,0.0,0.0,0.0,0.0,0.0,3.0,2.0,1.0,0.033742324,0.14201398,0.0022824907,0.21420057,0.22689335,0.0039918534,0.3768754,0.0,0.0,1.3967805,1.0120807,-4.8843017,4.8843017,-6.5885506,6.5885506,0.19252618,-0.19252618,0.0,0.0,0.0,0.0,0.0,0.0,0.0,0.0,0.0,0.0,0.0,0.0,0.38902187,0.6109781,0.38902187,0.6109781,0.029536933,0.41855884,0.58144116,-0.19303046,0.19303046,-0.015019223,0.015019223,0.0,0.0,0.0,0.0,0.0,0.0,0.0,0.0,0.0,0.0,0.0,0.0,0.0,0.0,1.0120807,0.0,0.0,0.0,0.0,0.0,0.0,9.333333
27,L.Toefield,pass,4,JAX,34.0,0.0,4.0,0.0,2.0,1.0,0.0,0.0,0.0,0.0,0.0,0.0,0.0,6.0,0.0,0.0,0.0,0.0,0.0,0.0,6.0,0.0,0.0,0.0,0.0,0.0,0.0,6.0,0.0,0.0,0.0,0.0,0.0,0.0,0.0,4.0,4.0,1.0,0.21316539,0.05654663,0.00092049426,0.088318266,0.31009725,0.0024653522,0.32848662,0.0,0.0,2.4449198,0.119749,-7.243496,7.243496,-8.731916,8.731916,1.525828,-1.525828,0.0,0.0,0.0,0.0,0.0,0.0,0.0,0.0,0.0,0.0,0.0,0.0,0.3273886,0.6726114,0.3273886,0.6726114,0.0024038106,0.3297924,0.67020756,-0.26580098,0.26580098,-0.0016600838,0.0016600838,0.0,0.0,0.0,0.0,0.0,0.0,0.0,0.0,0.0,0.0,0.0,0.0,0.0,0.0,0.119749,0.0,0.0,0.0,0.0,0.0,0.0,6.0
28,T.Edwards,pass,4,JAX,54.0,0.0,2.0,0.0,1.0,0.0,0.0,0.0,0.0,0.0,0.0,0.0,0.0,4.0,0.0,0.0,0.0,0.0,0.0,0.0,4.0,0.0,0.0,0.0,0.0,0.0,0.0,4.0,0.0,0.0,0.0,0.0,0.0,0.0,0.0,3.0,2.0,0.0,0.15485957,0.09636303,0.001494232,0.14811563,0.24759549,0.0036646784,0.34790736,0.0,0.0,1.8565804,0.9396179,-8.422793,8.422793,-11.065029,11.065029,0.44492137,-0.44492137,0.0,0.0,0.0,0.0,0.0,0.0,0.0,0.0,0.0,0.0,0.0,0.0,0.21914303,0.78085697,0.21914303,0.78085697,0.020566188,0.23970923,0.76029074,-0.35848147,0.35848147,-0.031789698,0.031789698,0.0,0.0,0.0,0.0,0.0,0.0,0.0,0.0,0.0,0.0,0.0,0.0,0.0,0.0,0.9396179,0.0,0.0,0.0,0.0,0.0,0.0,10.25
29,B.Jones,pass,4,JAX,17.0,0.0,1.0,0.0,0.0,0.0,0.0,0.0,0.0,0.0,0.0,0.0,0.0,1.0,0.0,0.0,0.0,0.0,0.0,0.0,2.0,0.0,0.0,0.0,0.0,0.0,0.0,1.0,0.0,0.0,0.0,0.0,0.0,0.0,0.0,2.0,1.0,1.0,0.01413033,0.06392269,0.00094051834,0.099360734,0.11987358,0.0023167229,0.19945543,0.0,0.23675,1.3447679,1.2190808,-3.6314545,3.6314545,-8.855674,8.855674,3.3619072,-3.3619072,0.0,0.0,0.0,0.0,0.0,0.0,0.0,0.0,0.0,0.0,0.0,0.0,0.41531837,0.58468163,0.41531837,0.58468163,0.06698398,0.48230237,0.51769763,-0.2691323,0.2691323,0.13548894,-0.13548894,0.0,0.0,0.0,0.0,0.0,0.0,0.0,0.0,0.0,0.0,0.0,0.0,0.0,0.0,1.2190808,0.0,0.0,0.0,0.0,0.0,0.0,5.0
30,D.Jolley,pass,5,LV,12.0,0.0,1.0,0.0,0.0,0.0,0.0,0.0,0.0,0.0,0.0,0.0,0.0,1.0,0.0,0.0,0.0,0.0,0.0,0.0,1.0,0.0,0.0,0.0,0.0,0.0,0.0,1.0,0.0,0.0,0.0,0.0,0.0,0.0,0.0,1.0,1.0,0.0,0.5753901,0.08744696,0.0009975793,0.07192563,0.115633465,0.0009951871,0.14761102,0.0,0.0,0.61435246,0.6568971,11.668587,-11.668587,-2.7520957,2.7520957,7.790022,-7.790022,0.0,0.0,0.0,0.0,0.0,0.0,0.0,0.0,0.0,0.0,0.0,0.0,0.120871894,0.8791281,0.8791281,0.120871894,0.0121027455,0.8670254,0.13297464,-0.11475821,0.11475821,0.3052596,-0.3052596,0.0,0.0,0.0,0.0,0.0,0.0,0.0,0.0,0.0,0.0,0.0,0.0,0.0,0.0,0.6568971,0.0,0.0,0.0,0.0,0.0,0.0,3.0
31,J.Porter,pass,5,LV,35.0,0.0,3.0,0.0,2.0,0.0,0.0,0.0,0.0,0.0,0.0,0.0,0.0,2.0,0.0,0.0,0.0,0.0,0.0,0.0,4.0,0.0,0.0,0.0,0.0,0.0,0.0,4.0,1.0,0.0,0.0,0.0,0.0,0.0,0.0,4.0,3.0,2.0,0.054691456,0.1213793,0.0029067167,0.21596427,0.251799,0.0043262024,0.34893304,0.0,0.0,1.3248794,0.9222784,10.921607,-10.921607,-1.4825435,1.4825435,8.289472,-8.289472,0.0,0.0,0.0,0.0,0.0,0.0,0.0,0.0,0.0,0.0,0.0,0.0,0.14615093,0.85384905,0.85384905,0.14615093,0.008762089,0.845087,0.15491302,-0.08511934,0.08511934,0.28569067,-0.28569067,0.0,0.0,0.0,0.0,0.0,0.0,0.0,0.0,0.0,0.0,0.0,0.0,0.0,0.0,0.9222784,0.0,0.0,0.0,0.0,0.0,0.0,9.25
32,D.Gabriel,pass,5,LV,24.0,0.0,1.0,0.0,0.0,0.0,0.0,0.0,0.0,0.0,0.0,0.0,0.0,1.0,0.0,0.0,0.0,0.0,0.0,0.0,1.0,0.0,0.0,0.0,0.0,0.0,0.0,1.0,0.0,0.0,0.0,0.0,0.0,0.0,0.0,1.0,1.0,1.0,0.061081067,0.049899086,0.0009432721,0.08295746,0.337369,0.0009773402,0.4667728,0.0,0.0,3.5491853,1.8029823,8.021337,-8.021337,-0.80899185,0.80899185,5.5758615,-5.5758615,0.0,0.0,0.0,0.0,0.0,0.0,0.0,0.0,0.0,0.0,0.0,0.0,0.17416275,0.82583725,0.82583725,0.17416275,0.031238854,0.7945984,0.2054016,-0.06662047,0.06662047,0.2501141,-0.2501141,0.0,0.0,0.0,0.0,0.0,0.0,0.0,0.0,0.0,0.0,0.0,0.0,0.0,0.0,1.8029823,0.0,0.0,0.0,0.0,0.0,0.0,10.0
33,J.Redmond,pass,5,LV,11.0,0.0,1.0,0.0,0.0,0.0,0.0,0.0,0.0,0.0,0.0,0.0,0.0,1.0,0.0,0.0,0.0,0.0,0.0,0.0,2.0,0.0,0.0,0.0,0.0,0.0,0.0,2.0,1.0,0.0,0.0,0.0,0.0,0.0,0.0,1.0,1.0,0.0,0.57694435,0.056569375,0.0008288638,0.042317316,0.17795724,0.00088290824,0.14449999,0.0,0.0,1.0795504,0.27535337,11.584932,-11.584932,-2.7520957,2.7520957,7.7063684,-7.7063684,0.0,0.0,0.0,0.0,0.0,0.0,0.0,0.0,0.0,0.0,0.0,0.0,0.12744722,0.87255275,0.87255275,0.12744722,0.0030985624,0.8694542,0.13054578,-0.11475821,0.11475821,0.30768844,-0.30768844,0.0,0.0,0.0,0.0,0.0,0.0,0.0,0.0,0.0,0.0,0.0,0.0,0.0,0.0,0.27535337,0.0,0.0,0.0,0.0,0.0,0.0,9.5
34,R.Curry,pass,5,LV,72.0,0.0,1.0,0.0,0.0,1.0,0.0,1.0,0.0,0.0,1.0,0.0,0.0,7.0,0.0,0.0,0.0,0.0,0.0,0.0,10.0,0.0,0.0,0.0,0.0,0.0,1.0,10.0,4.0,0.0,0.0,0.0,0.0,0.0,0.0,6.0,1.0,1.0,0.39348218,0.08427295,0.003595279,0.13934395,0.15351214,0.0025001017,0.2232934,0.0,0.0,0.79317325,-0.037276495,12.840387,-12.840387,-1.968943,1.968943,10.479528,-10.479528,0.0,0.0,0.0,0.0,0.0,0.0,0.0,0.0,0.0,0.0,0.0,0.0,0.096534856,0.90346515,0.90346515,0.096534856,-0.0010002654,0.9044654,0.095534585,-0.096721664,0.096721664,0.33847356,-0.33847356,0.0,0.0,0.0,0.0,0.0,0.0,0.0,0.0,0.0,0.0,0.0,0.0,0.0,0.0,-0.037276495,0.0,0.0,0.0,0.0,0.0,0.0,9.9
35,A.Zereoue,pass,5,LV,53.0,0.0,2.0,0.0,0.0,0.0,0.0,0.0,0.0,0.0,0.0,0.0,0.0,5.0,0.0,0.0,0.0,0.0,0.0,0.0,7.0,0.0,0.0,0.0,0.0,0.0,0.0,7.0,2.0,0.0,0.0,0.0,0.0,0.0,0.0,6.0,2.0,0.0,0.08234953,0.10338434,0.0027532906,0.18546689,0.23721933,0.003314965,0.38551167,0.0,0.0,1.8029419,0.45600495,13.941988,-13.941988,-1.4264761,1.4264761,10.63955,-10.63955,0.0,0.0,0.0,0.0,0.0,0.0,0.0,0.0,0.0,0.0,0.0,0.0,0.08163649,0.9183635,0.9183635,0.08163649,-0.002490571,0.9208541,0.079145916,-0.09159213,0.09159213,0.344057,-0.344057,0.0,0.0,0.0,0.0,0.0,0.0,0.0,0.0,0.0,0.0,0.0,0.0,0.0,0.0,0.45600495,0.0,0.0,0.0,0.0,0.0,0.0,9.571428
36,C.Anderson,pass,5,LV,38.0,0.0,2.0,0.0,0.0,0.0,0.0,0.0,0.0,0.0,0.0,0.0,0.0,1.0,0.0,0.0,0.0,0.0,0.0,0.0,3.0,0.0,1.0,1.0,0.0,0.0,0.0,3.0,1.0,0.0,0.0,0.0,0.0,0.0,0.0,2.0,2.0,1.0,0.2815517,0.077914305,0.0018868953,0.12450147,0.1921425,0.0018685156,0.3201346,0.0,0.0,1.7120796,1.1215347,12.235808,-12.235808,-1.8636154,1.8636154,9.312816,-9.312816,0.0,0.0,0.0,0.0,0.0,0.0,0.0,0.0,0.0,0.0,0.0,0.0,0.015620534,0.9843795,0.9843795,0.015620534,0.0013939611,0.9829855,0.017014496,-0.10063251,0.10063251,0.38591185,-0.38591185,0.0,0.0,0.0,0.0,0.0,0.0,0.0,0.0,0.0,0.0,0.0,0.0,0.0,0.0,1.1215347,0.0,0.0,0.0,0.0,0.0,0.0,7.3333335
37,J.Smith,pass,7,JAX,113.0,0.0,5.0,0.0,1.0,0.0,0.0,0.0,0.0,0.0,0.0,0.0,0.0,4.0,0.0,0.0,0.0,0.0,0.0,0.0,5.0,0.0,1.0,1.0,0.0,0.0,0.0,5.0,0.0,0.0,0.0,0.0,0.0,0.0,0.0,5.0,5.0,1.0,0.030527446,0.10624261,0.0050810883,0.1815795,0.27977645,0.0018834347,0.39490947,0.0,0.0,2.0075161,2.2724018,-4.6669455,4.6669455,1.779113,-1.779113,-5.8760643,5.8760643,0.0,0.0,0.0,0.0,0.0,0.0,0.0,0.0,0.0,0.0,0.0,0.0,0.4768961,0.5231039,0.5231039,0.4768961,0.08848166,0.4346222,0.56537783,0.08775794,-0.08775794,-0.21118923,0.21118923,0.0,0.0,0.0,0.0,0.0,0.0,0.0,0.0,0.0,0.0,0.0,0.0,0.0,0.0,2.2724018,0.0,0.0,0.0,0.0,0.0,0.0,4.8
38,L.Toefield,pass,7,JAX,5.0,0.0,0.0,0.0,0.0,0.0,0.0,0.0,0.0,0.0,0.0,0.0,0.0,1.0,0.0,0.0,0.0,0.0,0.0,0.0,1.0,0.0,0.0,0.0,0.0,0.0,0.0,1.0,0.0,0.0,0.0,0.0,0.0,0.0,0.0,1.0,0.0,0.0,0.004068828,0.015113862,0.0007976942,0.02462663,0.39767975,0.0014530855,0.55626017,0.0,0.0,4.8704433,0.5094044,-3.478245,3.478245,1.0488828,-1.0488828,-5.1228065,5.1228065,0.0,0.0,0.0,0.0,0.0,0.0,0.0,0.0,0.0,0.0,0.0,0.0,0.51364523,0.48635477,0.48635477,0.51364523,0.0048998594,0.4814549,0.5185451,0.11176714,-0.11176714,-0.194597,0.194597,0.0,0.0,0.0,0.0,0.0,0.0,0.0,0.0,0.0,0.0,0.0,0.0,0.0,0.0,0.5094044,0.0,0.0,0.0,0.0,0.0,0.0,6.0
39,M.Edwards,pass,7,JAX,4.0,0.0,0.0,0.0,0.0,0.0,0.0,0.0,0.0,0.0,0.0,0.0,0.0,1.0,0.0,0.0,0.0,0.0,0.0,0.0,1.0,0.0,0.0,0.0,0.0,0.0,0.0,1.0,0.0,0.0,0.0,0.0,0.0,0.0,0.0,0.0,0.0,0.0,0.009684855,0.20846665,0.025233718,0.3330438,0.1797426,0.0018950518,0.24193335,0.0,0.0,-0.77062273,-0.050556876,2.7227824,-2.7227824,0.29617187,-0.29617187,3.8042438,-3.8042438,0.0,0.0,0.0,0.0,0.0,0.0,0.0,0.0,0.0,0.0,0.0,0.0,0.32329178,0.6767082,0.6767082,0.32329178,-0.011800528,0.68850875,0.31149125,0.04844773,-0.04844773,0.17345208,-0.17345208,0.0,0.0,0.0,0.0,0.0,0.0,0.0,0.0,0.0,0.0,0.0,0.0,0.0,0.0,-0.050556876,0.0,0.0,0.0,0.0,0.0,0.0,10.0
40,F.Taylor,pass,7,JAX,67.0,0.0,4.0,0.0,2.0,0.0,0.0,0.0,0.0,0.0,0.0,0.0,0.0,4.0,0.0,0.0,0.0,0.0,0.0,0.0,5.0,0.0,0.0,0.0,0.0,0.0,0.0,5.0,1.0,0.0,0.0,0.0,0.0,0.0,0.0,5.0,4.0,0.0,0.16423415,0.084614776,0.0016815066,0.14984664,0.24844337,0.0034527027,0.34772685,0.0,0.0,1.8801895,1.2440242,-4.996389,4.996389,0.930477,-0.930477,-5.0538187,5.0538187,0.0,0.0,0.0,0.0,0.0,0.0,0.0,0.0,0.0,0.0,0.0,0.0,0.5330457,0.4669543,0.4669543,0.5330457,0.052389275,0.414565,0.58543503,0.020372331,-0.020372331,-0.17557664,0.17557664,0.0,0.0,0.0,0.0,0.0,0.0,0.0,0.0,0.0,0.0,0.0,0.0,0.0,0.0,1.2440242,0.0,0.0,0.0,0.0,0.0,0.0,8.6
41,E.Wilford,pass,7,JAX,9.0,0.0,1.0,0.0,1.0,0.0,0.0,0.0,0.0,0.0,0.0,0.0,0.0,1.0,0.0,0.0,0.0,0.0,0.0,0.0,2.0,0.0,0.0,0.0,0.0,0.0,0.0,1.0,0.0,0.0,0.0,0.0,0.0,0.0,0.0,2.0,1.0,0.0,0.22965494,0.031449385,0.00025135625,0.024327831,0.09831443,0.0007894671,0.115212575,0.0,0.23675,1.3113647,1.2318673,-8.836958,8.836958,5.19788,-5.19788,-12.81044,12.81044,0.0,0.0,0.0,0.0,0.0,0.0,0.0,0.0,0.0,0.0,0.0,0.0,0.68006754,0.31993246,0.31993246,0.68006754,0.097169995,0.22276247,0.77723753,0.18873768,-0.18873768,-0.5593136,0.5593136,0.0,0.0,0.0,0.0,0.0,0.0,0.0,0.0,0.0,0.0,0.0,0.0,0.0,0.0,1.2318673,0.0,0.0,0.0,0.0,0.0,0.0,3.5
42,R.Williams,pass,7,JAX,19.0,0.0,1.0,0.0,0.0,0.0,0.0,0.0,0.0,0.0,0.0,0.0,0.0,2.0,0.0,0.0,0.0,0.0,0.0,0.0,2.0,0.0,0.0,0.0,0.0,0.0,0.0,2.0,0.0,0.0,0.0,0.0,0.0,0.0,0.0,2.0,1.0,0.0,0.057467885,0.09855913,0.0034085768,0.17525384,0.3026429,0.0023484833,0.36031917,0.0,0.0,1.9055885,0.56249535,-3.8171973,3.8171973,-0.33714786,0.33714786,-2.5406892,2.5406892,0.0,0.0,0.0,0.0,0.0,0.0,0.0,0.0,0.0,0.0,0.0,0.0,0.5478879,0.45211208,0.45211208,0.5478879,0.010686219,0.44142586,0.55857414,-0.027035668,0.027035668,-0.089511335,0.089511335,0.0,0.0,0.0,0.0,0.0,0.0,0.0,0.0,0.0,0.0,0.0,0.0,0.0,0.0,0.56249535,0.0,0.0,0.0,0.0,0.0,0.0,9.0
43,K.Brady,pass,7,JAX,25.0,0.0,2.0,0.0,1.0,0.0,0.0,0.0,0.0,0.0,0.0,0.0,0.0,1.0,0.0,0.0,0.0,0.0,0.0,0.0,2.0,0.0,1.0,1.0,0.0,0.0,0.0,2.0,0.0,0.0,0.0,0.0,0.0,0.0,0.0,2.0,2.0,0.0,0.012592562,0.035971876,0.0011347809,0.06684291,0.41831842,0.0020387934,0.46310067,0.0,0.0,3.922652,2.0601938,-5.575605,5.575605,0.6584668,-0.6584668,-6.180048,6.180048,0.0,0.0,0.0,0.0,0.0,0.0,0.0,0.0,0.0,0.0,0.0,0.0,0.5128706,0.48712942,0.48712942,0.5128706,0.0828042,0.4043252,0.59567475,0.050981015,-0.050981015,-0.21316397,0.21316397,0.0,0.0,0.0,0.0,0.0,0.0,0.0,0.0,0.0,0.0,0.0,0.0,0.0,0.0,2.0601938,0.0,0.0,0.0,0.0,0.0,0.0,7.0
44,T.Yoder,pass,7,JAX,26.0,0.0,1.0,0.0,0.0,1.0,0.0,0.0,0.0,0.0,0.0,0.0,0.0,1.0,0.0,0.0,0.0,0.0,0.0,0.0,3.0,0.0,0.0,0.0,0.0,0.0,0.0,3.0,2.0,0.0,0.0,0.0,0.0,0.0,0.0,2.0,1.0,0.0,0.18864977,0.06828282,0.0016675937,0.10789192,0.3100667,0.0024808242,0.32096037,0.0,0.0,2.2184572,0.42009386,-3.8631928,3.8631928,1.7763485,-1.7763485,-4.7208686,4.7208686,0.0,0.0,0.0,0.0,0.0,0.0,0.0,0.0,0.0,0.0,0.0,0.0,0.50152344,0.4984766,0.4984766,0.50152344,0.03780927,0.46066728,0.5393327,0.08096724,-0.08096724,-0.16575065,0.16575065,0.0,0.0,0.0,0.0,0.0,0.0,0.0,0.0,0.0,0.0,0.0,0.0,0.0,0.0,0.42009386,0.0,0.0,0.0,0.0,0.0,0.0,8.666667
45,T.Edwards,pass,7,JAX,32.0,0.0,1.0,0.0,0.0,0.0,0.0,0.0,0.0,0.0,0.0,0.0,0.0,2.0,0.0,0.0,0.0,0.0,0.0,0.0,3.0,0.0,0.0,0.0,0.0,0.0,0.0,3.0,1.0,0.0,0.0,0.0,0.0,0.0,0.0,2.0,1.0,0.0,0.14050199,0.092016764,0.0024532166,0.15696727,0.24489851,0.002510561,0.36065164,0.0,0.0,1.8845506,0.47901544,-4.4510093,4.4510093,3.099472,-3.099472,-7.308928,7.308928,0.0,0.0,0.0,0.0,0.0,0.0,0.0,0.0,0.0,0.0,0.0,0.0,0.5201714,0.4798286,0.4798286,0.5201714,0.0039238334,0.4759048,0.52409524,0.13575073,-0.13575073,-0.28192148,0.28192148,0.0,0.0,0.0,0.0,0.0,0.0,0.0,0.0,0.0,0.0,0.0,0.0,0.0,0.0,0.47901544,0.0,0.0,0.0,0.0,0.0,0.0,12.333333
46,D.Blaylock,pass,8,KC,19.0,0.0,1.0,1.0,0.0,1.0,0.0,0.0,0.0,0.0,0.0,0.0,0.0,2.0,0.0,1.0,0.0,0.0,0.0,0.0,2.0,0.0,0.0,0.0,0.0,0.0,0.0,2.0,0.0,0.0,0.0,0.0,0.0,15.0,0.0,1.0,1.0,0.0,0.2446026,0.036599718,0.00068473135,0.04440801,0.35136083,0.0017871128,0.320557,0.0,0.0,2.879531,0.79222196,10.566579,-10.566579,4.4864883,-4.4864883,7.6149106,-7.6149106,0.0,0.0,0.0,0.0,0.0,0.0,0.0,0.0,0.0,0.0,0.0,0.0,0.817776,0.18222398,0.817776,0.18222398,-0.005504817,0.81227124,0.18772879,0.037726063,-0.037726063,0.19427994,-0.19427994,0.0,0.0,0.0,0.0,0.0,0.0,0.0,0.0,0.0,0.0,0.0,0.0,0.0,0.0,0.79222196,0.0,0.0,0.0,0.0,0.0,0.0,2.5
47,P.Holmes,pass,8,KC,82.0,0.0,3.0,0.0,0.0,0.0,0.0,0.0,0.0,0.0,0.0,0.0,0.0,1.0,0.0,0.0,0.0,0.0,0.0,0.0,3.0,0.0,0.0,0.0,0.0,0.0,0.0,3.0,2.0,0.0,0.0,0.0,0.0,0.0,0.0,3.0,3.0,0.0,0.27340057,0.06823816,0.004817343,0.1077211,0.22531188,0.0025769016,0.317934,0.0,0.0,1.9382305,1.6319422,13.223811,-13.223811,6.092242,-6.092242,7.0579867,-7.0579867,0.0,0.0,0.0,0.0,0.0,0.0,0.0,0.0,0.0,0.0,0.0,0.0,0.8795946,0.12040534,0.8795946,0.12040534,0.024162909,0.9037576,0.09624243,0.04204579,-0.04204579,0.25487146,-0.25487146,0.0,0.0,0.0,0.0,0.0,0.0,0.0,0.0,0.0,0.0,0.0,0.0,0.0,0.0,1.6319422,0.0,0.0,0.0,0.0,0.0,0.0,10.0
48,E.Kennison,pass,8,KC,50.0,0.0,3.0,0.0,1.0,0.0,0.0,0.0,0.0,0.0,0.0,0.0,0.0,5.0,0.0,0.0,0.0,0.0,0.0,0.0,5.0,0.0,0.0,0.0,0.0,0.0,0.0,5.0,0.0,0.0,0.0,0.0,0.0,0.0,0.0,3.0,3.0,1.0,0.117706835,0.09547205,0.0016742883,0.14843062,0.24253473,0.0047692657,0.38941222,0.0,0.0,2.1342492,0.67562246,4.217251,-4.217251,0.89647645,-0.89647645,2.9154174,-2.9154174,0.0,0.0,0.0,0.0,0.0,0.0,0.0,0.0,0.0,0.0,0.0,0.0,0.71713763,0.28286237,0.71713763,0.28286237,0.020961165,0.73809874,0.26190123,-0.038579963,0.038579963,0.19501278,-0.19501278,0.0,0.0,0.0,0.0,0.0,0.0,0.0,0.0,0.0,0.0,0.0,0.0,0.0,0.0,0.67562246,0.0,0.0,0.0,0.0,0.0,0.0,8.2
49,J.Morton,pass,8,KC,69.0,0.0,4.0,0.0,2.0,0.0,0.0,0.0,0.0,0.0,0.0,0.0,0.0,4.0,0.0,0.0,0.0,0.0,0.0,0.0,5.0,0.0,1.0,1.0,0.0,0.0,0.0,5.0,0.0,0.0,0.0,0.0,0.0,0.0,0.0,5.0,4.0,1.0,0.11303016,0.106364705,0.0014686941,0.16746904,0.26942417,0.0051428275,0.33710042,0.0,0.0,1.6839463,1.7182958,1.7974008,-1.7974008,0.34765822,-0.34765822,1.7510093,-1.7510093,0.0,0.0,0.0,0.0,0.0,0.0,0.0,0.0,0.0,0.0,0.0,0.0,0.62527543,0.37472457,0.62527543,0.37472457,0.05264752,0.67792296,0.32207707,-0.048029102,0.048029102,0.1634793,-0.1634793,0.0,0.0,0.0,0.0,0.0,0.0,0.0,0.0,0.0,0.0,0.0,0.0,0.0,0.0,1.7182958,0.0,0.0,0.0,0.0,0.0,0.0,8.6
50,T.Richardson,pass,8,KC,1.0,0.0,0.0,0.0,0.0,0.0,0.0,0.0,0.0,0.0,0.0,0.0,0.0,1.0,0.0,0.0,0.0,0.0,0.0,0.0,1.0,0.0,0.0,0.0,0.0,0.0,0.0,1.0,0.0,0.0,0.0,0.0,0.0,0.0,0.0,0.0,0.0,0.0,0.3017183,0.05316164,0.0004948269,0.08054474,0.20481496,0.0038680078,0.3553975,0.0,0.0,2.3856757,-0.5508469,2.106596,-2.106596,4.3505936,-4.3505936,-4.925353,4.925353,0.0,0.0,0.0,0.0,0.0,0.0,0.0,0.0,0.0,0.0,0.0,0.0,0.83333546,0.16666454,0.83333546,0.16666454,-0.011489332,0.8218461,0.17815387,0.02742108,-0.02742108,0.17435746,-0.17435746,0.0,0.0,0.0,0.0,0.0,0.0,0.0,0.0,0.0,0.0,0.0,0.0,0.0,0.0,-0.5508469,0.0,0.0,0.0,0.0,0.0,0.0,10.0
51,T.Gonzalez,pass,8,KC,125.0,0.0,7.0,0.0,2.0,0.0,0.0,0.0,0.0,0.0,0.0,0.0,0.0,6.0,0.0,0.0,0.0,0.0,0.0,0.0,8.0,0.0,2.0,2.0,0.0,0.0,0.0,8.0,0.0,0.0,0.0,0.0,0.0,0.0,0.0,7.0,7.0,0.0,0.15219802,0.07111488,0.0010799544,0.10690275,0.29251528,0.0038283435,0.3723608,0.0,0.0,2.5279043,1.5733232,7.8724875,-7.8724875,3.0422883,-3.0422883,4.4855585,-4.4855585,0.0,0.0,0.0,0.0,0.0,0.0,0.0,0.0,0.0,0.0,0.0,0.0,0.79501826,0.20498176,0.79501826,0.20498176,0.039821316,0.8348396,0.16516045,-0.0011966536,0.0011966536,0.24694124,-0.24694124,0.0,0.0,0.0,0.0,0.0,0.0,0.0,0.0,0.0,0.0,0.0,0.0,0.0,0.0,1.5733232,0.0,0.0,0.0,0.0,0.0,0.0,7.25
52,D.Hall,pass,8,KC,43.0,0.0,2.0,0.0,2.0,0.0,0.0,0.0,0.0,0.0,0.0,0.0,0.0,3.0,0.0,0.0,0.0,0.0,0.0,0.0,3.0,0.0,0.0,0.0,0.0,0.0,0.0,3.0,0.0,0.0,0.0,0.0,0.0,0.0,0.0,3.0,2.0,0.0,0.19235848,0.10453383,0.0014301554,0.14915557,0.22236407,0.0043583447,0.32579955,0.0,0.0,1.5958548,1.5430065,10.827415,-10.827415,5.3397117,-5.3397117,3.9241762,-3.9241762,0.0,0.0,0.0,0.0,0.0,0.0,0.0,0.0,0.0,0.0,0.0,0.0,0.844251,0.15574902,0.844251,0.15574902,0.029487371,0.87373835,0.12626165,0.01519579,-0.01519579,0.23428309,-0.23428309,0.0,0.0,0.0,0.0,0.0,0.0,0.0,0.0,0.0,0.0,0.0,0.0,0.0,0.0,1.5430065,0.0,0.0,0.0,0.0,0.0,0.0,7.3333335
53,K.Campbell,pass,9,MIN,30.0,0.0,1.0,0.0,1.0,0.0,0.0,0.0,0.0,0.0,0.0,0.0,0.0,1.0,0.0,0.0,0.0,0.0,0.0,0.0,1.0,0.0,0.0,0.0,0.0,0.0,0.0,1.0,0.0,0.0,0.0,0.0,0.0,0.0,0.0,1.0,1.0,0.0,0.56577945,0.10698732,0.0032348314,0.13445467,0.07563029,0.0010633565,0.11285012,0.0,0.0,-0.24964584,1.9406329,8.443166,-8.443166,4.3626246,-4.3626246,9.412581,-9.412581,0.0,0.0,0.0,0.0,0.0,0.0,0.0,0.0,0.0,0.0,0.0,0.0,0.1160962,0.8839038,0.8839038,0.1160962,0.043969452,0.83993435,0.16006565,0.2065084,-0.2065084,0.13170162,-0.13170162,0.0,0.0,0.0,0.0,0.0,0.0,0.0,0.0,0.0,0.0,0.0,0.0,0.0,0.0,1.9406329,0.0,0.0,0.0,0.0,0.0,0.0,11.0
54,M.Williams,pass,9,MIN,15.0,0.0,1.0,0.0,1.0,0.0,0.0,0.0,0.0,0.0,0.0,0.0,0.0,1.0,0.0,0.0,0.0,0.0,0.0,0.0,2.0,0.0,0.0,0.0,0.0,0.0,0.0,2.0,1.0,0.0,0.0,0.0,0.0,0.0,0.0,1.0,1.0,0.0,0.12942834,0.010884332,0.000600875,0.019622184,0.5088851,0.0008059663,0.32977325,0.0,0.0,3.6654696,-0.2484586,3.7364426,-3.7364426,3.4271011,-3.4271011,10.145605,-10.145605,0.0,0.0,0.0,0.0,0.0,0.0,0.0,0.0,0.0,0.0,0.0,0.0,0.2276482,0.7723518,0.7723518,0.2276482,0.011978447,0.76037335,0.23962665,0.18333945,-0.18333945,0.16659936,-0.16659936,0.0,0.0,0.0,0.0,0.0,0.0,0.0,0.0,0.0,0.0,0.0,0.0,0.0,0.0,-0.2484586,0.0,0.0,0.0,0.0,0.0,0.0,10.0
55,N.Burleson,pass,9,MIN,8.0,0.0,1.0,0.0,1.0,0.0,0.0,0.0,0.0,0.0,0.0,0.0,0.0,0.0,0.0,0.0,0.0,0.0,0.0,0.0,1.0,0.0,1.0,1.0,0.0,0.0,0.0,1.0,0.0,0.0,0.0,0.0,0.0,0.0,0.0,1.0,1.0,0.0,0.023032848,0.018574685,0.0007857666,0.029665517,0.5771696,0.0015240881,0.34924746,0.0,0.0,3.914335,3.085665,-2.8272452,2.8272452,3.3287153,-3.3287153,8.337142,-8.337142,0.0,0.0,0.0,0.0,0.0,0.0,0.0,0.0,0.0,0.0,0.0,0.0,0.27674648,0.7232535,0.7232535,0.27674648,0.1552434,0.56801015,0.43198988,0.16486849,-0.16486849,0.09371751,-0.09371751,0.0,0.0,0.0,0.0,0.0,0.0,0.0,0.0,0.0,0.0,0.0,0.0,0.0,0.0,3.085665,0.0,0.0,0.0,0.0,0.0,0.0,8.0
56,J.Wiggins,pass,9,MIN,63.0,0.0,2.0,0.0,1.0,1.0,0.0,0.0,0.0,0.0,0.0,0.0,0.0,5.0,0.0,0.0,0.0,0.0,0.0,0.0,5.0,0.0,0.0,0.0,0.0,0.0,0.0,5.0,0.0,0.0,0.0,0.0,0.0,0.0,0.0,5.0,2.0,0.0,0.048032146,0.13159171,0.0031307444,0.24446437,0.24837644,0.0037047602,0.3206998,0.0,0.0,0.8851503,1.2949288,2.5882554,-2.5882554,3.0658622,-3.0658622,11.433724,-11.433724,0.0,0.0,0.0,0.0,0.0,0.0,0.0,0.0,0.0,0.0,0.0,0.0,0.2440395,0.75596046,0.75596046,0.2440395,0.023931172,0.7320293,0.26797068,0.16943772,-0.16943772,0.20229776,-0.20229776,0.0,0.0,0.0,0.0,0.0,0.0,0.0,0.0,0.0,0.0,0.0,0.0,0.0,0.0,1.2949288,0.0,0.0,0.0,0.0,0.0,0.0,9.4
57,M.Robinson,pass,9,MIN,23.0,0.0,1.0,0.0,0.0,1.0,0.0,0.0,0.0,0.0,0.0,0.0,0.0,2.0,0.0,0.0,0.0,0.0,0.0,0.0,3.0,0.0,0.0,0.0,0.0,0.0,0.0,3.0,1.0,0.0,0.0,0.0,0.0,0.0,0.0,1.0,1.0,1.0,0.45188737,0.06342535,0.0011150233,0.101975955,0.16358115,0.0021126557,0.21590245,0.0,0.0,1.099948,0.080730386,6.819239,-6.819239,4.4602075,-4.4602075,10.764145,-10.764145,0.0,0.0,0.0,0.0,0.0,0.0,0.0,0.0,0.0,0.0,0.0,0.0,0.14797764,0.85202235,0.85202235,0.14797764,-0.0008631845,0.85288554,0.14711446,0.23400907,-0.23400907,0.18671943,-0.18671943,0.0,0.0,0.0,0.0,0.0,0.0,0.0,0.0,0.0,0.0,0.0,0.0,0.0,0.0,0.080730386,0.0,0.0,0.0,0.0,0.0,0.0,7.0
58,M.Bennett,pass,9,MIN,15.0,0.0,0.0,0.0,0.0,1.0,0.0,0.0,0.0,0.0,0.0,0.0,0.0,1.0,0.0,1.0,0.0,0.0,0.0,0.0,2.0,0.0,0.0,0.0,0.0,0.0,0.0,2.0,1.0,0.0,0.0,0.0,0.0,10.0,0.0,0.0,0.0,0.0,0.038993232,0.15807635,0.004081735,0.29427367,0.19609568,0.0047697844,0.30370957,0.0,0.0,0.18148535,-0.29580435,0.68088514,-0.68088514,3.1222205,-3.1222205,11.361354,-11.361354,0.0,0.0,0.0,0.0,0.0,0.0,0.0,0.0,0.0,0.0,0.0,0.0,0.30610627,0.6938937,0.6938937,0.30610627,0.002402842,0.6914909,0.3085091,0.18208739,-0.18208739,0.17856157,-0.17856157,0.0,0.0,0.0,0.0,0.0,0.0,0.0,0.0,0.0,0.0,0.0,0.0,0.0,0.0,-0.29580435,0.0,0.0,0.0,0.0,0.0,0.0,14.5
59,O.Smith,pass,9,MIN,15.0,0.0,2.0,0.0,1.0,0.0,0.0,0.0,0.0,0.0,0.0,0.0,0.0,1.0,0.0,0.0,0.0,0.0,0.0,0.0,2.0,0.0,0.0,0.0,0.0,0.0,0.0,2.0,1.0,0.0,0.0,0.0,0.0,0.0,0.0,2.0,2.0,0.0,0.3498128,0.09291015,0.0047242627,0.1783618,0.13257536,0.0025289175,0.23908672,0.0,0.0,0.5396793,0.76405615,5.6290646,-5.6290646,4.3394346,-4.3394346,11.561022,-11.561022,0.0,0.0,0.0,0.0,0.0,0.0,0.0,0.0,0.0,0.0,0.0,0.0,0.16261396,0.837386,0.837386,0.16261396,0.0073272586,0.8300588,0.16994122,0.22573349,-0.22573349,0.21293357,-0.21293357,0.0,0.0,0.0,0.0,0.0,0.0,0.0,0.0,0.0,0.0,0.0,0.0,0.0,0.0,0.76405615,0.0,0.0,0.0,0.0,0.0,0.0,5.0
60,B.Miller,pass,10,HOU,6.0,0.0,1.0,0.0,0.0,0.0,0.0,0.0,0.0,0.0,0.0,0.0,0.0,1.0,0.0,0.0,0.0,0.0,0.0,0.0,1.0,0.0,0.0,0.0,0.0,0.0,0.0,1.0,0.0,0.0,0.0,0.0,0.0,0.0,0.0,1.0,1.0,0.0,0.05463424,0.046479408,0.00088281184,0.07423967,0.364258,0.0009261057,0.4585798,0.0,0.0,3.6438034,0.67662823,30.465284,-30.465284,6.2347684,-6.2347684,26.959229,-26.959229,0.0,0.0,0.0,0.0,0.0,0.0,0.0,0.0,0.0,0.0,0.0,0.0,7.277178e-05,0.9999272,0.9999272,7.277178e-05,-3.3360702e-06,0.99993056,6.943571e-05,0.06844287,-0.06844287,0.32969248,-0.32969248,0.0,0.0,0.0,0.0,0.0,0.0,0.0,0.0,0.0,0.0,0.0,0.0,0.0,0.0,0.67662823,0.0,0.0,0.0,0.0,0.0,0.0,5.0
61,A.Johnson,pass,10,HOU,59.0,0.0,3.0,0.0,1.0,0.0,0.0,0.0,0.0,0.0,0.0,0.0,0.0,4.0,0.0,0.0,0.0,0.0,0.0,0.0,6.0,0.0,0.0,0.0,0.0,0.0,0.0,6.0,2.0,0.0,0.0,0.0,0.0,0.0,0.0,5.0,3.0,2.0,0.17522188,0.09083291,0.0035150498,0.17156917,0.22856192,0.0036248302,0.32667425,0.0,0.0,1.4991422,0.6678266,16.919569,-16.919569,3.2734518,-3.2734518,14.069968,-14.069968,0.0,0.0,0.0,0.0,0.0,0.0,0.0,0.0,0.0,0.0,0.0,0.0,0.12246444,0.8775356,0.8775356,0.12246444,0.0029266414,0.87460893,0.12539108,0.039002802,-0.039002802,0.24966486,-0.24966486,0.0,0.0,0.0,0.0,0.0,0.0,0.0,0.0,0.0,0.0,0.0,0.0,0.0,0.0,0.6678266,0.0,0.0,0.0,0.0,0.0,0.0,8.333333
62,J.Gaffney,pass,10,HOU,41.0,0.0,3.0,0.0,2.0,0.0,0.0,0.0,0.0,0.0,0.0,0.0,0.0,3.0,0.0,0.0,0.0,0.0,0.0,0.0,3.0,0.0,0.0,0.0,0.0,0.0,0.0,3.0,0.0,0.0,0.0,0.0,0.0,0.0,0.0,3.0,3.0,1.0,0.024898643,0.07945291,0.0018029487,0.14988275,0.35541496,0.0035999946,0.38494787,0.0,0.0,2.476936,1.8596858,30.987284,-30.987284,4.9471326,-4.9471326,27.772089,-27.772089,0.0,0.0,0.0,0.0,0.0,0.0,0.0,0.0,0.0,0.0,0.0,0.0,0.0008944439,0.9991055,0.9991055,0.0008944439,0.00011942125,0.9989862,0.0010138651,0.0675886,-0.0675886,0.3296329,-0.3296329,0.0,0.0,0.0,0.0,0.0,0.0,0.0,0.0,0.0,0.0,0.0,0.0,0.0,0.0,1.8596858,0.0,0.0,0.0,0.0,0.0,0.0,6.3333335
63,M.Norris,pass,10,HOU,4.0,0.0,0.0,0.0,0.0,0.0,0.0,0.0,0.0,0.0,0.0,0.0,0.0,1.0,0.0,0.0,0.0,0.0,0.0,0.0,1.0,0.0,0.0,0.0,0.0,0.0,0.0,1.0,0.0,0.0,0.0,0.0,0.0,0.0,0.0,1.0,0.0,0.0,0.051238216,0.13296929,0.0029264456,0.24456762,0.21381594,0.004054034,0.35042843,0.0,0.0,0.98582083,0.0442279,33.75567,-33.75567,4.108786,-4.108786,33.095722,-33.095722,0.0,0.0,0.0,0.0,0.0,0.0,0.0,0.0,0.0,0.0,0.0,0.0,0.00023966469,0.9997603,0.9997603,0.00023966469,-8.1439386e-05,0.99984175,0.0001582253,0.06862621,-0.06862621,0.32941672,-0.32941672,0.0,0.0,0.0,0.0,0.0,0.0,0.0,0.0,0.0,0.0,0.0,0.0,0.0,0.0,0.0442279,0.0,0.0,0.0,0.0,0.0,0.0,10.0
64,D.Davis,pass,10,HOU,54.0,0.0,3.0,0.0,1.0,1.0,0.0,0.0,0.0,0.0,0.0,0.0,0.0,1.0,0.0,0.0,0.0,0.0,0.0,0.0,7.0,0.0,0.0,0.0,0.0,0.0,0.0,7.0,6.0,0.0,0.0,0.0,0.0,0.0,0.0,7.0,3.0,0.0,0.17549331,0.08320069,0.0014853484,0.14675643,0.23183651,0.0044814358,0.3567463,0.0,0.0,1.9218289,0.56286854,24.392933,-24.392933,3.31572,-3.31572,22.817781,-22.817781,0.0,0.0,0.0,0.0,0.0,0.0,0.0,0.0,0.0,0.0,0.0,0.0,0.03590839,0.96409166,0.96409166,0.03590839,0.0006729108,0.96341866,0.0365813,0.0571801,-0.0571801,0.31219855,-0.31219855,0.0,0.0,0.0,0.0,0.0,0.0,0.0,0.0,0.0,0.0,0.0,0.0,0.0,0.0,0.56286854,0.0,0.0,0.0,0.0,0.0,0.0,8.285714
65,J.Wells,pass,10,HOU,-1.0,0.0,0.0,0.0,0.0,0.0,0.0,0.0,0.0,0.0,0.0,0.0,0.0,1.0,0.0,0.0,0.0,0.0,0.0,0.0,1.0,0.0,0.0,0.0,0.0,0.0,0.0,1.0,0.0,0.0,0.0,0.0,0.0,0.0,0.0,0.0,0.0,1.0,0.3890853,0.052394547,0.00055651163,0.06919121,0.19910493,0.0031913691,0.2864761,0.0,0.0,1.9663951,-0.40410012,25.22308,-25.22308,2.4698257,-2.4698257,24.643906,-24.643906,0.0,0.0,0.0,0.0,0.0,0.0,0.0,0.0,0.0,0.0,0.0,0.0,6.72118e-05,0.99993277,0.99993277,6.72118e-05,-3.789959e-06,0.9999366,6.342184e-05,0.068618946,-0.068618946,0.3294389,-0.3294389,0.0,0.0,0.0,0.0,0.0,0.0,0.0,0.0,0.0,0.0,0.0,0.0,0.0,0.0,-0.40410012,0.0,0.0,0.0,0.0,0.0,0.0,13.0
66,D.Armstrong,pass,10,HOU,14.0,0.0,1.0,0.0,0.0,0.0,0.0,0.0,0.0,0.0,0.0,0.0,0.0,1.0,0.0,0.0,0.0,0.0,0.0,0.0,1.0,0.0,0.0,0.0,0.0,0.0,0.0,1.0,0.0,0.0,0.0,0.0,0.0,0.0,0.0,1.0,1.0,0.0,0.05816863,0.15678914,0.003841419,0.27846456,0.19044046,0.004034122,0.30826163,0.0,0.0,0.3099189,1.6602337,32.815563,-32.815563,4.108786,-4.108786,31.43549,-31.43549,0.0,0.0,0.0,0.0,0.0,0.0,0.0,0.0,0.0,0.0,0.0,0.0,0.00016187376,0.9998381,0.9998381,0.00016187376,-6.8084315e-05,0.9999062,9.3789444e-05,0.06862621,-0.06862621,0.3294848,-0.3294848,0.0,0.0,0.0,0.0,0.0,0.0,0.0,0.0,0.0,0.0,0.0,0.0,0.0,0.0,1.6602337,0.0,0.0,0.0,0.0,0.0,0.0,11.0
67,C.Bradford,pass,10,HOU,38.0,0.0,2.0,1.0,2.0,0.0,0.0,0.0,0.0,0.0,0.0,0.0,0.0,1.0,0.0,1.0,0.0,0.0,0.0,0.0,2.0,0.0,0.0,0.0,0.0,0.0,0.0,2.0,1.0,0.0,0.0,0.0,0.0,15.0,0.0,2.0,2.0,0.0,0.22247294,0.16624522,0.004404687,0.27618173,0.13264245,0.0038002147,0.19425279,0.0,0.0,-0.6755198,2.9644332,14.699167,-14.699167,0.7699326,-0.7699326,14.806699,-14.806699,0.0,0.0,0.0,0.0,0.0,0.0,0.0,0.0,0.0,0.0,0.0,0.0,0.10310187,0.89689815,0.89689815,0.10310187,0.03492404,0.86197406,0.13802591,0.017715897,-0.017715897,0.25665763,-0.25665763,0.0,0.0,0.0,0.0,0.0,0.0,0.0,0.0,0.0,0.0,0.0,0.0,0.0,0.0,2.9644332,0.0,0.0,0.0,0.0,0.0,0.0,14.0
68,A.Peterson,pass,11,CHI,30.0,0.0,1.0,0.0,0.0,0.0,0.0,0.0,0.0,0.0,0.0,0.0,0.0,1.0,0.0,0.0,0.0,0.0,0.0,0.0,1.0,0.0,0.0,0.0,0.0,0.0,0.0,1.0,0.0,0.0,0.0,0.0,0.0,0.0,0.0,1.0,1.0,1.0,0.33810946,0.03804898,0.00030349626,0.041745838,0.28227007,0.0023143166,0.29720786,0.0,0.0,2.524919,2.90869,-38.395344,38.395344,-24.278873,24.278873,-20.87644,20.87644,0.0,0.0,0.0,0.0,0.0,0.0,0.0,0.0,0.0,0.0,0.0,0.0,9.008715e-05,0.99990994,9.008715e-05,0.99990994,0.00010619989,0.00019628704,0.9998037,-0.36157352,0.36157352,-0.2213865,0.2213865,0.0,0.0,0.0,0.0,0.0,0.0,0.0,0.0,0.0,0.0,0.0,0.0,0.0,0.0,2.90869,0.0,0.0,0.0,0.0,0.0,0.0,9.0
69,T.Jones,pass,11,CHI,23.0,0.0,0.0,0.0,0.0,2.0,0.0,0.0,0.0,0.0,0.0,0.0,0.0,4.0,0.0,0.0,0.0,0.0,0.0,0.0,4.0,0.0,0.0,0.0,0.0,0.0,0.0,4.0,0.0,0.0,0.0,0.0,0.0,0.0,0.0,0.0,0.0,1.0,0.18013962,0.123567194,0.0021554413,0.175199,0.23820266,0.004229867,0.27650622,0.0,0.0,1.0572058,-0.46029407,-15.850536,15.850536,-9.028723,9.028723,-8.501617,8.501617,0.0,0.0,0.0,0.0,0.0,0.0,0.0,0.0,0.0,0.0,0.0,0.0,0.2770602,0.7229398,0.2770602,0.7229398,-0.00409537,0.27296486,0.72703516,-0.17901653,0.17901653,-0.12385415,0.12385415,0.0,0.0,0.0,0.0,0.0,0.0,0.0,0.0,0.0,0.0,0.0,0.0,0.0,0.0,-0.46029407,0.0,0.0,0.0,0.0,0.0,0.0,11.75
70,D.Terrell,pass,11,CHI,76.0,0.0,3.0,0.0,0.0,0.0,0.0,0.0,0.0,0.0,0.0,0.0,0.0,3.0,0.0,0.0,0.0,0.0,0.0,0.0,3.0,0.0,0.0,0.0,0.0,0.0,0.0,3.0,0.0,0.0,0.0,0.0,0.0,0.0,0.0,2.0,3.0,2.0,0.4259274,0.06941369,0.0012605583,0.10506005,0.17237441,0.002594297,0.22336961,0.0,0.0,1.1397166,0.5086978,-25.204203,25.204203,-14.377784,14.377784,-14.116394,14.116394,0.0,0.0,0.0,0.0,0.0,0.0,0.0,0.0,0.0,0.0,0.0,0.0,0.11766404,0.88233596,0.11766404,0.88233596,0.00045002834,0.11811406,0.88188595,-0.2914716,0.2914716,-0.18706834,0.18706834,0.0,0.0,0.0,0.0,0.0,0.0,0.0,0.0,0.0,0.0,0.0,0.0,0.0,0.0,0.5086978,0.0,0.0,0.0,0.0,0.0,0.0,11.666667
71,B.Berrian,pass,11,CHI,17.0,0.0,1.0,0.0,1.0,0.0,0.0,0.0,0.0,0.0,0.0,0.0,0.0,1.0,0.0,0.0,0.0,0.0,0.0,0.0,1.0,0.0,0.0,0.0,0.0,0.0,0.0,1.0,0.0,0.0,0.0,0.0,0.0,0.0,0.0,1.0,1.0,0.0,0.01749404,0.13335255,0.0017261928,0.20502427,0.24587175,0.0061027026,0.3904285,0.0,0.0,1.6441404,2.1060772,-32.308777,32.308777,-20.84562,20.84562,-14.496587,14.496587,0.0,0.0,0.0,0.0,0.0,0.0,0.0,0.0,0.0,0.0,0.0,0.0,0.0014741746,0.9985258,0.0014741746,0.9985258,0.00014762627,0.0016218008,0.9983782,-0.36097595,0.36097595,-0.22097841,0.22097841,0.0,0.0,0.0,0.0,0.0,0.0,0.0,0.0,0.0,0.0,0.0,0.0,0.0,0.0,2.1060772,0.0,0.0,0.0,0.0,0.0,0.0,6.0
72,D.Lyman,pass,11,CHI,2.0,0.0,1.0,0.0,0.0,0.0,0.0,0.0,0.0,0.0,0.0,0.0,0.0,0.0,0.0,0.0,0.0,0.0,0.0,0.0,1.0,0.0,1.0,1.0,0.0,0.0,0.0,1.0,0.0,0.0,0.0,0.0,0.0,0.0,0.0,1.0,1.0,0.0,0.06698259,0.0034410201,0.00016704375,0.008215092,0.098311186,0.003065857,0.8198172,0.0,0.0,5.971623,1.0283772,-36.828953,36.828953,-23.74086,23.74086,-19.848063,19.848063,0.0,0.0,0.0,0.0,0.0,0.0,0.0,0.0,0.0,0.0,0.0,0.0,0.000365636,0.9996344,0.000365636,0.9996344,-0.00029101098,7.4625015e-05,0.9999254,-0.36140415,0.36140415,-0.22167753,0.22167753,0.0,0.0,0.0,0.0,0.0,0.0,0.0,0.0,0.0,0.0,0.0,0.0,0.0,0.0,1.0283772,0.0,0.0,0.0,0.0,0.0,0.0,2.0
73,J.Gage,pass,11,CHI,7.0,0.0,1.0,0.0,1.0,0.0,0.0,0.0,0.0,0.0,0.0,0.0,0.0,0.0,0.0,0.0,0.0,0.0,0.0,0.0,1.0,0.0,0.0,0.0,0.0,0.0,0.0,1.0,1.0,0.0,0.0,0.0,0.0,0.0,0.0,1.0,1.0,0.0,0.39164189,0.11873519,0.0012543952,0.19065936,0.1142411,0.0028259594,0.18064208,0.0,0.0,-0.08046006,1.2520247,-42.65739,42.65739,-24.916725,24.916725,-24.500633,24.500633,0.0,0.0,0.0,0.0,0.0,0.0,0.0,0.0,0.0,0.0,0.0,0.0,0.00011962481,0.9998804,0.00011962481,0.9998804,-2.52705e-05,9.435431e-05,0.99990565,-0.3615669,0.3615669,-0.22149505,0.22149505,0.0,0.0,0.0,0.0,0.0,0.0,0.0,0.0,0.0,0.0,0.0,0.0,0.0,0.0,1.2520247,0.0,0.0,0.0,0.0,0.0,0.0,4.0
74,B.Wade,pass,11,CHI,6.0,0.0,0.0,0.0,0.0,0.0,0.0,0.0,0.0,0.0,1.0,0.0,0.0,2.0,0.0,0.0,0.0,1.0,0.0,0.0,2.0,0.0,0.0,0.0,0.0,0.0,1.0,2.0,0.0,0.0,0.0,0.0,0.0,0.0,0.0,0.0,0.0,0.0,0.049488753,0.124588124,0.0025112224,0.19525659,0.2712826,0.004943533,0.35192916,0.0,0.0,1.5416561,-2.4279833,-25.588184,25.588184,-13.6447315,13.6447315,-14.518082,14.518082,0.0,0.0,0.0,0.0,0.0,0.0,0.0,0.0,0.0,0.0,0.0,0.0,0.10770832,0.89229167,0.10770832,0.89229167,-0.03277908,0.074929245,0.92507076,-0.30052748,0.30052748,-0.22385985,0.22385985,0.0,0.0,0.0,0.0,0.0,0.0,0.0,0.0,0.0,0.0,0.0,0.0,0.0,0.0,-0.43543243,0.0,0.0,0.0,0.0,0.0,0.0,18.0
75,D.Clark,pass,11,CHI,14.0,0.0,1.0,0.0,0.0,0.0,0.0,0.0,0.0,0.0,0.0,0.0,0.0,1.0,0.0,0.0,0.0,0.0,0.0,0.0,1.0,0.0,0.0,0.0,0.0,0.0,0.0,1.0,0.0,0.0,0.0,0.0,0.0,0.0,0.0,1.0,1.0,0.0,0.8769233,0.004979552,0.00037888304,0.008395084,0.09490416,0.0003076865,0.014111326,0.0,0.0,0.30964512,0.4263675,-27.36125,27.36125,-15.086868,15.086868,-14.553185,14.553185,0.0,0.0,0.0,0.0,0.0,0.0,0.0,0.0,0.0,0.0,0.0,0.0,0.024977097,0.9750229,0.024977097,0.9750229,0.0026223212,0.027599419,0.9724006,-0.35200015,0.35200015,-0.22334051,0.22334051,0.0,0.0,0.0,0.0,0.0,0.0,0.0,0.0,0.0,0.0,0.0,0.0,0.0,0.0,0.4263675,0.0,0.0,0.0,0.0,0.0,0.0,10.0
76,S.Vines,pass,12,DET,11.0,0.0,1.0,0.0,0.0,0.0,0.0,0.0,0.0,0.0,0.0,0.0,0.0,1.0,0.0,0.0,0.0,0.0,0.0,0.0,1.0,0.0,0.0,0.0,0.0,0.0,0.0,1.0,0.0,0.0,0.0,0.0,0.0,0.0,0.0,1.0,1.0,0.0,0.4509888,0.02107712,0.00028708283,0.012191436,0.35272688,0.0004237708,0.16230497,0.0,0.0,2.0460174,0.34859824,-35.6711,35.6711,8.153023,-8.153023,-35.08939,35.08939,0.0,0.0,0.0,0.0,0.0,0.0,0.0,0.0,0.0,0.0,0.0,0.0,8.4964035e-05,0.99991506,8.4964035e-05,0.99991506,-2.3145883e-05,6.181815e-05,0.9999382,0.062176373,-0.062176373,-0.5424647,0.5424647,0.0,0.0,0.0,0.0,0.0,0.0,0.0,0.0,0.0,0.0,0.0,0.0,0.0,0.0,0.34859824,0.0,0.0,0.0,0.0,0.0,0.0,10.0
77,S.Alexander,pass,12,DET,58.0,0.0,4.0,0.0,2.0,0.0,0.0,0.0,0.0,0.0,0.0,0.0,0.0,3.0,0.0,0.0,0.0,0.0,0.0,0.0,5.0,0.0,0.0,0.0,0.0,0.0,0.0,5.0,2.0,0.0,0.0,0.0,0.0,0.0,0.0,5.0,4.0,1.0,0.1445467,0.121958435,0.006185698,0.18407579,0.22610268,0.0028735416,0.31425717,0.0,0.0,1.217078,0.9832058,-24.751904,24.751904,3.4875178,-3.4875178,-22.65149,22.65149,0.0,0.0,0.0,0.0,0.0,0.0,0.0,0.0,0.0,0.0,0.0,0.0,0.14305577,0.85694426,0.14305577,0.85694426,0.011822234,0.15487799,0.845122,0.07751535,-0.07751535,-0.4174983,0.4174983,0.0,0.0,0.0,0.0,0.0,0.0,0.0,0.0,0.0,0.0,0.0,0.0,0.0,0.0,0.9832058,0.0,0.0,0.0,0.0,0.0,0.0,6.2
78,K.Jones,pass,12,DET,3.0,0.0,0.0,0.0,0.0,0.0,0.0,0.0,0.0,0.0,0.0,0.0,0.0,3.0,0.0,0.0,0.0,0.0,0.0,0.0,3.0,0.0,0.0,0.0,0.0,0.0,0.0,3.0,0.0,0.0,0.0,0.0,0.0,0.0,0.0,1.0,0.0,0.0,0.060862422,0.13964482,0.009037123,0.205446,0.2226681,0.004507277,0.3578343,0.0,0.0,1.3067281,-0.5096752,-27.25669,27.25669,2.0107143,-2.0107143,-24.092468,24.092468,0.0,0.0,0.0,0.0,0.0,0.0,0.0,0.0,0.0,0.0,0.0,0.0,0.1390156,0.8609844,0.1390156,0.8609844,0.00027322315,0.13928883,0.86071116,0.044742156,-0.044742156,-0.41588202,0.41588202,0.0,0.0,0.0,0.0,0.0,0.0,0.0,0.0,0.0,0.0,0.0,0.0,0.0,0.0,-0.5096752,0.0,0.0,0.0,0.0,0.0,0.0,7.0
79,C.Schlesinger,pass,12,DET,10.0,0.0,1.0,0.0,0.0,0.0,0.0,0.0,0.0,0.0,0.0,0.0,0.0,1.0,0.0,0.0,0.0,0.0,0.0,0.0,1.0,0.0,0.0,0.0,0.0,0.0,0.0,1.0,0.0,0.0,0.0,0.0,0.0,0.0,0.0,1.0,1.0,0.0,0.2795163,0.06613962,0.0012438394,0.1140396,0.21465258,0.0055358466,0.3188722,0.0,0.0,1.8879511,0.6363996,-6.151366,6.151366,4.2830005,-4.2830005,-7.1640573,7.1640573,0.0,0.0,0.0,0.0,0.0,0.0,0.0,0.0,0.0,0.0,0.0,0.0,0.40292776,0.59707224,0.40292776,0.59707224,0.0035409331,0.4064687,0.5935313,0.09296185,-0.09296185,-0.2184178,0.2184178,0.0,0.0,0.0,0.0,0.0,0.0,0.0,0.0,0.0,0.0,0.0,0.0,0.0,0.0,0.6363996,0.0,0.0,0.0,0.0,0.0,0.0,10.0
80,C.Fitzsimmons,pass,12,DET,7.0,0.0,0.0,0.0,0.0,0.0,0.0,0.0,0.0,0.0,0.0,0.0,0.0,1.0,0.0,0.0,0.0,0.0,0.0,0.0,1.0,0.0,0.0,0.0,0.0,0.0,0.0,1.0,0.0,0.0,0.0,0.0,0.0,0.0,0.0,1.0,0.0,0.0,0.27081186,0.1052047,0.002518071,0.15801658,0.16774186,0.0034820966,0.2922248,0.0,0.0,1.1289971,0.24205242,-36.694664,36.694664,4.1907916,-4.1907916,-33.36054,33.36054,0.0,0.0,0.0,0.0,0.0,0.0,0.0,0.0,0.0,0.0,0.0,0.0,0.000102595266,0.9998974,0.000102595266,0.9998974,8.154493e-06,0.00011074976,0.99988925,0.062251516,-0.062251516,-0.5424817,0.5424817,0.0,0.0,0.0,0.0,0.0,0.0,0.0,0.0,0.0,0.0,0.0,0.0,0.0,0.0,0.24205242,0.0,0.0,0.0,0.0,0.0,0.0,10.0
81,R.Williams,pass,12,DET,51.0,0.0,1.0,0.0,0.0,1.0,0.0,0.0,0.0,0.0,1.0,0.0,0.0,4.0,0.0,0.0,0.0,1.0,0.0,0.0,4.0,0.0,0.0,0.0,0.0,0.0,1.0,4.0,0.0,0.0,0.0,0.0,0.0,0.0,0.0,1.0,1.0,0.0,0.03715448,0.11437996,0.004681226,0.17996545,0.28119755,0.0042836973,0.37833762,0.0,0.0,1.8882627,-0.7951609,-18.097006,18.097006,2.9115162,-2.9115162,-17.672527,17.672527,0.0,0.0,0.0,0.0,0.0,0.0,0.0,0.0,0.0,0.0,0.0,0.0,0.22540298,0.774597,0.22540298,0.774597,0.010564623,0.2359676,0.76403236,0.06442128,-0.06442128,-0.35501498,0.35501498,0.0,0.0,0.0,0.0,0.0,0.0,0.0,0.0,0.0,0.0,0.0,0.0,0.0,0.0,0.4334885,0.0,0.0,0.0,0.0,0.0,0.0,8.25
82,T.Streets,pass,12,DET,26.0,0.0,1.0,0.0,0.0,0.0,0.0,0.0,0.0,0.0,0.0,0.0,0.0,3.0,0.0,0.0,0.0,0.0,0.0,0.0,3.0,0.0,0.0,0.0,0.0,0.0,0.0,3.0,0.0,0.0,0.0,0.0,0.0,0.0,0.0,2.0,1.0,0.0,0.060911745,0.114684604,0.0029949185,0.177774,0.24775672,0.0028309135,0.39304712,0.0,0.0,1.9058002,0.25720367,-17.380163,17.380163,3.3052762,-3.3052762,-17.045115,17.045115,0.0,0.0,0.0,0.0,0.0,0.0,0.0,0.0,0.0,0.0,0.0,0.0,0.24487446,0.7551255,0.24487446,0.7551255,-0.0030099722,0.24186449,0.7581355,0.0809026,-0.0809026,-0.35714266,0.35714266,0.0,0.0,0.0,0.0,0.0,0.0,0.0,0.0,0.0,0.0,0.0,0.0,0.0,0.0,0.25720367,0.0,0.0,0.0,0.0,0.0,0.0,10.0
83,S.Bryson,pass,12,DET,44.0,0.0,2.0,0.0,1.0,1.0,0.0,0.0,0.0,0.0,1.0,0.0,0.0,3.0,0.0,0.0,0.0,1.0,0.0,0.0,6.0,0.0,0.0,0.0,0.0,0.0,1.0,6.0,3.0,0.0,0.0,0.0,0.0,0.0,0.0,3.0,2.0,0.0,0.33861664,0.10327389,0.001968777,0.14605653,0.22424978,0.0030926547,0.18274172,0.0,0.0,0.6219718,-0.31551316,-25.564959,25.564959,4.3623075,-4.3623075,-24.814026,24.814026,0.0,0.0,0.0,0.0,0.0,0.0,0.0,0.0,0.0,0.0,0.0,0.0,0.10209518,0.8979049,0.10209518,0.8979049,0.00085333566,0.10294852,0.8970515,0.07187956,-0.07187956,-0.47775552,0.47775552,0.0,0.0,0.0,0.0,0.0,0.0,0.0,0.0,0.0,0.0,0.0,0.0,0.0,0.0,0.24229886,0.0,0.0,0.0,0.0,0.0,0.0,12.666667
84,R.Swinton,pass,12,DET,23.0,0.0,1.0,0.0,0.0,0.0,0.0,0.0,0.0,0.0,0.0,0.0,0.0,0.0,0.0,0.0,0.0,0.0,0.0,0.0,1.0,0.0,0.0,0.0,0.0,0.0,0.0,1.0,0.0,0.0,0.0,0.0,0.0,0.0,0.0,1.0,1.0,1.0,0.4793063,0.0026518367,0.00030998397,0.009089647,0.46757188,0.00049623766,0.0405741,0.0,0.0,1.6155238,1.1273502,-21.159212,21.159212,4.2818975,-4.2818975,-21.69246,21.69246,0.0,0.0,0.0,0.0,0.0,0.0,0.0,0.0,0.0,0.0,0.0,0.0,0.097644664,0.9023553,0.097644664,0.9023553,0.0323093,0.12995397,0.870046,0.078932896,-0.078932896,-0.46545753,0.46545753,0.0,0.0,0.0,0.0,0.0,0.0,0.0,0.0,0.0,0.0,0.0,0.0,0.0,0.0,1.1273502,0.0,0.0,0.0,0.0,0.0,0.0,10.0
85,B.Troupe,pass,13,TEN,1.0,0.0,0.0,0.0,0.0,0.0,0.0,0.0,0.0,0.0,1.0,0.0,0.0,2.0,0.0,0.0,0.0,0.0,0.0,0.0,3.0,0.0,0.0,0.0,0.0,0.0,1.0,3.0,1.0,0.0,0.0,0.0,0.0,0.0,0.0,1.0,0.0,0.0,0.14463858,0.11436059,0.0024303037,0.215928,0.2001887,0.0030592747,0.31939456,0.0,0.0,0.98300815,-0.56634665,10.724645,-10.724645,-0.23160201,0.23160201,15.409434,-15.409434,0.0,0.0,0.0,0.0,0.0,0.0,0.0,0.0,0.0,0.0,0.0,0.0,0.22094668,0.7790533,0.7790533,0.22094668,-0.00609965,0.7851529,0.21484704,-0.033328697,0.033328697,0.38166633,-0.38166633,0.0,0.0,0.0,0.0,0.0,0.0,0.0,0.0,0.0,0.0,0.0,0.0,0.0,0.0,-0.56634665,0.0,0.0,0.0,0.0,0.0,0.0,10.0
86,A.Smith,pass,13,TEN,31.0,0.0,1.0,0.0,0.0,0.0,0.0,1.0,0.0,0.0,0.0,0.0,0.0,1.0,0.0,0.0,0.0,0.0,0.0,0.0,4.0,0.0,0.0,0.0,0.0,0.0,0.0,4.0,3.0,0.0,0.0,0.0,0.0,0.0,0.0,3.0,1.0,0.0,0.37886235,0.05334523,0.0007678763,0.06831483,0.19866365,0.002466491,0.29757956,0.0,0.0,2.0442057,-0.09803933,11.621141,-11.621141,-2.4985821,2.4985821,16.61474,-16.61474,0.0,0.0,0.0,0.0,0.0,0.0,0.0,0.0,0.0,0.0,0.0,0.0,0.11626671,0.8837333,0.8837333,0.11626671,-0.004841248,0.88857454,0.11142546,-0.08357261,0.08357261,0.4717301,-0.4717301,0.0,0.0,0.0,0.0,0.0,0.0,0.0,0.0,0.0,0.0,0.0,0.0,0.0,0.0,-0.09803933,0.0,0.0,0.0,0.0,0.0,0.0,10.25
87,D.Mason,pass,13,TEN,79.0,0.0,3.0,0.0,0.0,2.0,1.0,0.0,0.0,0.0,0.0,0.0,0.0,5.0,0.0,0.0,0.0,0.0,0.0,0.0,6.0,0.0,0.0,0.0,0.0,0.0,0.0,6.0,0.0,0.0,0.0,0.0,0.0,0.0,0.0,4.0,3.0,3.0,0.22606938,0.110144205,0.0030387335,0.21251905,0.1727301,0.0040796483,0.27141887,0.0,0.0,0.6021382,0.957015,6.698719,-6.698719,-1.0264353,1.0264353,11.109822,-11.109822,0.0,0.0,0.0,0.0,0.0,0.0,0.0,0.0,0.0,0.0,0.0,0.0,0.23133452,0.7686655,0.7686655,0.23133452,0.019806182,0.7488592,0.2511407,-0.04454295,0.04454295,0.32014656,-0.32014656,0.0,0.0,0.0,0.0,0.0,0.0,0.0,0.0,0.0,0.0,0.0,0.0,0.0,0.0,0.957015,0.0,0.0,0.0,0.0,0.0,0.0,9.666667
88,E. Kinney,pass,13,TEN,23.0,0.0,2.0,0.0,0.0,0.0,0.0,0.0,0.0,0.0,0.0,0.0,0.0,3.0,0.0,0.0,0.0,0.0,0.0,0.0,3.0,0.0,0.0,0.0,0.0,0.0,0.0,3.0,0.0,0.0,0.0,0.0,0.0,0.0,0.0,3.0,2.0,0.0,0.16114812,0.0777291,0.0017788202,0.13556786,0.2386291,0.002752887,0.38239416,0.0,0.0,2.2124321,0.74717396,14.642045,-14.642045,-1.6648449,1.6648449,19.416632,-19.416632,0.0,0.0,0.0,0.0,0.0,0.0,0.0,0.0,0.0,0.0,0.0,0.0,0.05599055,0.9440095,0.9440095,0.05599055,0.007291635,0.9367178,0.063282184,-0.06814485,0.06814485,0.5194981,-0.5194981,0.0,0.0,0.0,0.0,0.0,0.0,0.0,0.0,0.0,0.0,0.0,0.0,0.0,0.0,0.74717396,0.0,0.0,0.0,0.0,0.0,0.0,7.3333335
89,R.Holcombe,pass,13,TEN,6.0,0.0,1.0,0.0,1.0,0.0,0.0,0.0,0.0,0.0,0.0,0.0,0.0,1.0,0.0,0.0,0.0,0.0,0.0,0.0,1.0,0.0,0.0,0.0,0.0,0.0,0.0,1.0,0.0,0.0,0.0,0.0,0.0,0.0,0.0,1.0,1.0,1.0,0.014611964,0.1083797,0.002767036,0.2159713,0.27114263,0.0054150545,0.38171226,0.0,0.0,1.6537715,1.4677943,2.4760964,-2.4760964,-5.985938,5.985938,10.666318,-10.666318,0.0,0.0,0.0,0.0,0.0,0.0,0.0,0.0,0.0,0.0,0.0,0.0,0.17657435,0.82342565,0.82342565,0.17657435,0.029182017,0.79424363,0.20575637,-0.114630185,0.114630185,0.42229196,-0.42229196,0.0,0.0,0.0,0.0,0.0,0.0,0.0,0.0,0.0,0.0,0.0,0.0,0.0,0.0,1.4677943,0.0,0.0,0.0,0.0,0.0,0.0,3.0
90,E.Berlin,pass,13,TEN,5.0,0.0,0.0,0.0,0.0,0.0,0.0,0.0,0.0,0.0,0.0,0.0,0.0,1.0,0.0,0.0,0.0,0.0,0.0,0.0,1.0,0.0,0.0,0.0,0.0,0.0,0.0,1.0,0.0,0.0,0.0,0.0,0.0,0.0,0.0,0.0,0.0,0.0,0.012847185,0.10633805,0.0027622345,0.21481045,0.27717936,0.0053896257,0.38067305,0.0,0.0,1.6788169,-0.025045462,3.9438908,-3.9438908,-5.985938,5.985938,12.134112,-12.134112,0.0,0.0,0.0,0.0,0.0,0.0,0.0,0.0,0.0,0.0,0.0,0.0,0.1752634,0.8247366,0.8247366,0.1752634,0.0013109446,0.82342565,0.17657435,-0.114630185,0.114630185,0.45147398,-0.45147398,0.0,0.0,0.0,0.0,0.0,0.0,0.0,0.0,0.0,0.0,0.0,0.0,0.0,0.0,-0.025045462,0.0,0.0,0.0,0.0,0.0,0.0,8.0
91,D.Bennett,pass,13,TEN,124.0,0.0,3.0,0.0,0.0,0.0,0.0,0.0,0.0,0.0,0.0,0.0,0.0,0.0,0.0,0.0,0.0,0.0,0.0,0.0,3.0,0.0,3.0,3.0,0.0,0.0,0.0,3.0,0.0,0.0,0.0,0.0,0.0,0.0,0.0,3.0,3.0,0.0,0.025462018,0.07739966,0.0018313652,0.15413052,0.3221782,0.0031928818,0.41580537,0.0,0.0,2.5687826,4.4312177,-7.613079,7.613079,-0.7551344,0.7551344,-2.4463346,2.4463346,0.0,0.0,0.0,0.0,0.0,0.0,0.0,0.0,0.0,0.0,0.0,0.0,0.45885405,0.541146,0.541146,0.45885405,0.12582009,0.41532588,0.5846741,-0.024976553,0.024976553,0.0059145987,-0.0059145987,0.0,0.0,0.0,0.0,0.0,0.0,0.0,0.0,0.0,0.0,0.0,0.0,0.0,0.0,4.4312177,0.0,0.0,0.0,0.0,0.0,0.0,8.666667
92,M.Norris,pass,14,HOU,2.0,0.0,0.0,0.0,0.0,0.0,0.0,0.0,0.0,0.0,0.0,0.0,0.0,0.0,0.0,0.0,0.0,0.0,0.0,0.0,1.0,0.0,0.0,0.0,0.0,0.0,0.0,1.0,1.0,0.0,0.0,0.0,0.0,0.0,0.0,0.0,0.0,0.0,0.0048144646,0.15389629,0.0027833388,0.23106098,0.22635835,0.004667409,0.37641913,0.0,0.0,1.2386614,-0.4783386,-9.484732,9.484732,-0.13389675,0.13389675,-12.278804,12.278804,0.0,0.0,0.0,0.0,0.0,0.0,0.0,0.0,0.0,0.0,0.0,0.0,0.22652611,0.77347386,0.22652611,0.77347386,-0.014121652,0.21240446,0.7875955,-0.014814988,0.014814988,-0.4371064,0.4371064,0.0,0.0,0.0,0.0,0.0,0.0,0.0,0.0,0.0,0.0,0.0,0.0,0.0,0.0,-0.4783386,0.0,0.0,0.0,0.0,0.0,0.0,10.0
93,A.Johnson,pass,14,HOU,34.0,0.0,2.0,0.0,2.0,0.0,0.0,0.0,0.0,0.0,0.0,0.0,0.0,2.0,0.0,0.0,0.0,0.0,0.0,0.0,3.0,0.0,0.0,0.0,0.0,0.0,0.0,3.0,1.0,0.0,0.0,0.0,0.0,0.0,0.0,3.0,2.0,0.0,0.25959724,0.15437432,0.0034952762,0.2056598,0.13359983,0.0036789782,0.23959453,0.0,0.0,0.1755871,1.2883879,-3.6779976,3.6779976,2.7795002,-2.7795002,-9.456535,9.456535,0.0,0.0,0.0,0.0,0.0,0.0,0.0,0.0,0.0,0.0,0.0,0.0,0.25113258,0.74886745,0.25113258,0.74886745,0.04651305,0.2976456,0.70235443,0.03398936,-0.03398936,-0.46942362,0.46942362,0.0,0.0,0.0,0.0,0.0,0.0,0.0,0.0,0.0,0.0,0.0,0.0,0.0,0.0,1.2883879,0.0,0.0,0.0,0.0,0.0,0.0,8.0
94,D.Davis,pass,14,HOU,73.0,0.0,2.0,0.0,0.0,1.0,0.0,1.0,0.0,0.0,0.0,0.0,0.0,3.0,0.0,0.0,0.0,0.0,0.0,0.0,6.0,0.0,0.0,0.0,0.0,0.0,0.0,6.0,3.0,0.0,0.0,0.0,0.0,0.0,0.0,5.0,2.0,0.0,0.2700083,0.1314321,0.0029871564,0.17045848,0.16773294,0.0038414572,0.25353953,0.0,0.0,0.69217867,0.651201,-8.682912,8.682912,0.5674903,-0.5674903,-11.435326,11.435326,0.0,0.0,0.0,0.0,0.0,0.0,0.0,0.0,0.0,0.0,0.0,0.0,0.22450261,0.77549744,0.22450261,0.77549744,0.010030168,0.23453277,0.7654672,0.016752169,-0.016752169,-0.4131371,0.4131371,0.0,0.0,0.0,0.0,0.0,0.0,0.0,0.0,0.0,0.0,0.0,0.0,0.0,0.0,0.651201,0.0,0.0,0.0,0.0,0.0,0.0,13.666667
95,J.Wells,pass,14,HOU,8.0,0.0,1.0,0.0,1.0,0.0,0.0,0.0,0.0,0.0,0.0,0.0,0.0,0.0,0.0,0.0,0.0,0.0,0.0,0.0,2.0,0.0,1.0,1.0,0.0,0.0,0.0,2.0,1.0,0.0,0.0,0.0,0.0,0.0,0.0,2.0,1.0,0.0,0.19721197,0.032320324,0.0005002278,0.0225176,0.37572873,0.0017783676,0.36994278,0.0,0.0,3.4647577,1.328919,-6.0574327,6.0574327,0.6909716,-0.6909716,-8.853273,8.853273,0.0,0.0,0.0,0.0,0.0,0.0,0.0,0.0,0.0,0.0,0.0,0.0,0.3177865,0.6822135,0.3177865,0.6822135,0.033549268,0.3513358,0.64866424,0.03190507,-0.03190507,-0.27089506,0.27089506,0.0,0.0,0.0,0.0,0.0,0.0,0.0,0.0,0.0,0.0,0.0,0.0,0.0,0.0,1.328919,0.0,0.0,0.0,0.0,0.0,0.0,9.0
96,C.Bradford,pass,14,HOU,27.0,0.0,2.0,0.0,1.0,0.0,0.0,0.0,0.0,0.0,0.0,0.0,0.0,2.0,0.0,0.0,0.0,0.0,0.0,0.0,2.0,0.0,0.0,0.0,0.0,0.0,0.0,2.0,0.0,0.0,0.0,0.0,0.0,0.0,0.0,2.0,2.0,1.0,0.0059494106,0.11891994,0.0014071586,0.18146232,0.26501167,0.0060312143,0.42121828,0.0,0.0,2.1258152,1.4071192,-6.71212,6.71212,0.6609337,-0.6609337,-10.301023,10.301023,0.0,0.0,0.0,0.0,0.0,0.0,0.0,0.0,0.0,0.0,0.0,0.0,0.23464313,0.7653569,0.23464313,0.7653569,0.03039278,0.2650359,0.7349641,-0.00326889,0.00326889,-0.39602107,0.39602107,0.0,0.0,0.0,0.0,0.0,0.0,0.0,0.0,0.0,0.0,0.0,0.0,0.0,0.0,1.4071192,0.0,0.0,0.0,0.0,0.0,0.0,7.5
97,B.Miller,pass,14,HOU,23.0,0.0,2.0,0.0,0.0,0.0,0.0,0.0,0.0,0.0,0.0,0.0,0.0,1.0,0.0,0.0,0.0,0.0,0.0,0.0,2.0,0.0,0.0,0.0,0.0,0.0,0.0,2.0,1.0,0.0,0.0,0.0,0.0,0.0,0.0,2.0,2.0,1.0,0.3398447,0.039000366,0.0012263574,0.04520359,0.25459167,0.0025012984,0.31763205,0.0,0.0,2.556323,0.86297727,-6.765085,6.765085,1.863173,-1.863173,-11.341381,11.341381,0.0,0.0,0.0,0.0,0.0,0.0,0.0,0.0,0.0,0.0,0.0,0.0,0.1629804,0.8370196,0.1629804,0.8370196,0.009681971,0.17266236,0.8273376,-0.008044605,0.008044605,-0.5277488,0.5277488,0.0,0.0,0.0,0.0,0.0,0.0,0.0,0.0,0.0,0.0,0.0,0.0,0.0,0.0,0.86297727,0.0,0.0,0.0,0.0,0.0,0.0,4.0
98,T.Heap,pass,15,BAL,58.0,0.0,3.0,0.0,1.0,0.0,1.0,0.0,0.0,0.0,0.0,0.0,0.0,3.0,0.0,0.0,0.0,0.0,0.0,0.0,4.0,0.0,1.0,1.0,0.0,0.0,0.0,4.0,0.0,0.0,0.0,0.0,0.0,0.0,0.0,4.0,3.0,1.0,0.15837908,0.07451644,0.0018250174,0.120835766,0.37111264,0.002027989,0.27130306,0.0,0.0,1.9434656,1.9042858,5.8725915,-5.8725915,-2.6514223,2.6514223,4.6336784,-4.6336784,0.0,0.0,0.0,0.0,0.0,0.0,0.0,0.0,0.0,0.0,0.0,0.0,0.09297376,0.90702623,0.90702623,0.09297376,0.032202814,0.87482345,0.12517658,-0.10234019,0.10234019,0.12486693,-0.12486693,0.0,0.0,0.0,0.0,0.0,0.0,0.0,0.0,0.0,0.0,0.0,0.0,0.0,0.0,1.9042858,0.0,0.0,0.0,0.0,0.0,0.0,7.0
99,T.Jones,pass,15,BAL,7.0,0.0,0.0,0.0,0.0,0.0,0.0,0.0,0.0,0.0,0.0,0.0,0.0,0.0,0.0,0.0,0.0,0.0,0.0,0.0,1.0,0.0,0.0,0.0,0.0,0.0,0.0,1.0,1.0,0.0,0.0,0.0,0.0,0.0,0.0,1.0,0.0,0.0,0.38798022,0.031705048,0.0003870251,0.032624833,0.24755794,0.0011453916,0.2985995,0.0,0.0,2.510898,0.54939216,4.4767885,-4.4767885,-3.236208,3.236208,3.7466526,-3.7466526,0.0,0.0,0.0,0.0,0.0,0.0,0.0,0.0,0.0,0.0,0.0,0.0,0.04903457,0.9509654,0.9509654,0.04903457,2.8043985e-05,0.9509374,0.049062613,-0.08697094,0.08697094,0.15437847,-0.15437847,0.0,0.0,0.0,0.0,0.0,0.0,0.0,0.0,0.0,0.0,0.0,0.0,0.0,0.0,0.54939216,0.0,0.0,0.0,0.0,0.0,0.0,10.0
100,T.Taylor,pass,15,BAL,39.0,0.0,1.0,0.0,0.0,0.0,0.0,0.0,0.0,0.0,0.0,0.0,0.0,2.0,0.0,0.0,0.0,0.0,0.0,0.0,2.0,0.0,0.0,0.0,0.0,0.0,0.0,2.0,0.0,0.0,0.0,0.0,0.0,0.0,0.0,2.0,1.0,0.0,0.31404343,0.095479816,0.0016360224,0.15521443,0.16359986,0.0027866294,0.26723984,0.0,0.0,0.9908392,1.1518115,-4.0529084,4.0529084,-3.0925333,3.0925333,-2.2444172,2.2444172,0.0,0.0,0.0,0.0,0.0,0.0,0.0,0.0,0.0,0.0,0.0,0.0,0.508676,0.49132398,0.49132398,0.508676,0.053038552,0.43828544,0.56171453,-0.14115685,0.14115685,-0.13214843,0.13214843,0.0,0.0,0.0,0.0,0.0,0.0,0.0,0.0,0.0,0.0,0.0,0.0,0.0,0.0,1.1518115,0.0,0.0,0.0,0.0,0.0,0.0,10.0
101,K.Johnson,pass,15,BAL,33.0,0.0,3.0,0.0,1.0,0.0,1.0,0.0,0.0,0.0,0.0,0.0,0.0,3.0,0.0,0.0,0.0,0.0,0.0,0.0,4.0,0.0,0.0,0.0,0.0,0.0,0.0,4.0,1.0,0.0,0.0,0.0,0.0,0.0,0.0,4.0,3.0,1.0,0.15837802,0.12634625,0.0024446454,0.20466676,0.28052583,0.0023394588,0.22529903,0.0,0.0,0.6067543,1.2252133,3.7339709,-3.7339709,-2.8612807,2.8612807,3.71919,-3.71919,0.0,0.0,0.0,0.0,0.0,0.0,0.0,0.0,0.0,0.0,0.0,0.0,0.22848648,0.7715135,0.7715135,0.22848648,0.017197745,0.7543158,0.24568422,-0.1235943,0.1235943,0.068435386,-0.068435386,0.0,0.0,0.0,0.0,0.0,0.0,0.0,0.0,0.0,0.0,0.0,0.0,0.0,0.0,1.2252133,0.0,0.0,0.0,0.0,0.0,0.0,6.25
102,J.Lewis,pass,15,BAL,17.0,0.0,1.0,0.0,0.0,0.0,1.0,0.0,0.0,0.0,0.0,0.0,0.0,1.0,0.0,0.0,0.0,0.0,0.0,0.0,2.0,0.0,0.0,0.0,0.0,0.0,0.0,2.0,1.0,0.0,0.0,0.0,0.0,0.0,0.0,2.0,1.0,0.0,0.2614653,0.088354774,0.0013611414,0.12563992,0.22816518,0.0013691997,0.29364452,0.0,0.0,1.5954796,1.3062334,5.0126886,-5.0126886,-3.2160604,3.2160604,5.634347,-5.634347,0.0,0.0,0.0,0.0,0.0,0.0,0.0,0.0,0.0,0.0,0.0,0.0,0.11857143,0.8814286,0.8814286,0.11857143,0.027959045,0.8534695,0.14653048,-0.11422301,0.11422301,0.12975585,-0.12975585,0.0,0.0,0.0,0.0,0.0,0.0,0.0,0.0,0.0,0.0,0.0,0.0,0.0,0.0,1.3062334,0.0,0.0,0.0,0.0,0.0,0.0,9.5
103,J.White,pass,15,BAL,6.0,0.0,0.0,0.0,0.0,1.0,0.0,0.0,0.0,0.0,0.0,0.0,0.0,1.0,0.0,0.0,0.0,0.0,0.0,0.0,1.0,0.0,0.0,0.0,0.0,0.0,0.0,1.0,0.0,0.0,0.0,0.0,0.0,0.0,0.0,0.0,0.0,0.0,0.45320708,0.13321404,0.0016779604,0.17118344,0.09199526,0.0015269292,0.14719534,0.0,0.0,-0.2918751,-0.31644565,8.1454,-8.1454,-3.227395,3.227395,7.4064507,-7.4064507,0.0,0.0,0.0,0.0,0.0,0.0,0.0,0.0,0.0,0.0,0.0,0.0,0.041637108,0.9583629,0.9583629,0.041637108,-0.023100374,0.98146325,0.018536733,-0.084456876,0.084456876,0.18239029,-0.18239029,0.0,0.0,0.0,0.0,0.0,0.0,0.0,0.0,0.0,0.0,0.0,0.0,0.0,0.0,-0.31644565,0.0,0.0,0.0,0.0,0.0,0.0,15.0
104,D.Dinkins,pass,15,BAL,10.0,0.0,1.0,0.0,1.0,0.0,0.0,0.0,0.0,0.0,0.0,0.0,0.0,1.0,0.0,0.0,0.0,0.0,0.0,0.0,1.0,0.0,0.0,0.0,0.0,0.0,0.0,1.0,0.0,0.0,0.0,0.0,0.0,0.0,0.0,1.0,1.0,0.0,0.1065255,0.12070712,0.0017288496,0.16012093,0.23034973,0.0023584813,0.37820944,0.0,0.0,1.8568066,0.99805117,4.682221,-4.682221,-2.579592,2.579592,2.0896494,-2.0896494,0.0,0.0,0.0,0.0,0.0,0.0,0.0,0.0,0.0,0.0,0.0,0.0,0.11969116,0.88030887,0.88030887,0.11969116,0.017861828,0.862447,0.13755299,-0.08577942,0.08577942,0.08578308,-0.08578308,0.0,0.0,0.0,0.0,0.0,0.0,0.0,0.0,0.0,0.0,0.0,0.0,0.0,0.0,0.99805117,0.0,0.0,0.0,0.0,0.0,0.0,1.0
105,C.Taylor,pass,15,BAL,20.0,0.0,2.0,0.0,1.0,0.0,0.0,0.0,0.0,0.0,0.0,0.0,0.0,1.0,0.0,0.0,0.0,0.0,0.0,0.0,2.0,0.0,0.0,0.0,0.0,0.0,0.0,2.0,1.0,0.0,0.0,0.0,0.0,0.0,0.0,2.0,2.0,0.0,0.29822934,0.13055508,0.0074329665,0.19221811,0.1900881,0.0012106613,0.18026572,0.0,0.0,0.08248776,0.9714437,-0.9752161,0.9752161,-1.5284431,1.5284431,-0.547596,0.547596,0.0,0.0,0.0,0.0,0.0,0.0,0.0,0.0,0.0,0.0,0.0,0.0,0.45087785,0.54912215,0.54912215,0.45087785,0.03809811,0.511024,0.48897594,-0.089427575,0.089427575,-0.095094845,0.095094845,0.0,0.0,0.0,0.0,0.0,0.0,0.0,0.0,0.0,0.0,0.0,0.0,0.0,0.0,0.9714437,0.0,0.0,0.0,0.0,0.0,0.0,9.0
106,A.Ricard,pass,15,BAL,3.0,0.0,0.0,0.0,0.0,0.0,0.0,0.0,0.0,0.0,0.0,0.0,0.0,0.0,0.0,0.0,0.0,0.0,0.0,0.0,1.0,0.0,0.0,0.0,0.0,0.0,0.0,1.0,1.0,0.0,0.0,0.0,0.0,0.0,0.0,0.0,0.0,0.0,0.101989694,0.12198565,0.002417667,0.18622756,0.22477031,0.0022487356,0.36036038,0.0,0.0,1.5269458,-0.13984178,6.149975,-6.149975,-2.1098895,2.1098895,3.0877006,-3.0877006,0.0,0.0,0.0,0.0,0.0,0.0,0.0,0.0,0.0,0.0,0.0,0.0,0.15191455,0.84808546,0.84808546,0.15191455,-0.0197106,0.86779606,0.13220395,-0.09829221,0.09829221,0.10364491,-0.10364491,0.0,0.0,0.0,0.0,0.0,0.0,0.0,0.0,0.0,0.0,0.0,0.0,0.0,0.0,-0.13984178,0.0,0.0,0.0,0.0,0.0,0.0,10.0
107,C.Moore,pass,15,BAL,17.0,0.0,1.0,0.0,0.0,0.0,0.0,0.0,0.0,0.0,0.0,0.0,0.0,1.0,0.0,0.0,0.0,0.0,0.0,0.0,1.0,0.0,0.0,0.0,0.0,0.0,0.0,1.0,0.0,0.0,0.0,0.0,0.0,0.0,0.0,1.0,1.0,0.0,0.018121438,0.084584646,0.0022319676,0.17504007,0.28426826,0.0050936393,0.43066004,0.0,0.0,2.394114,1.4051659,4.4924445,-4.4924445,-3.2047257,3.2047257,6.474709,-6.474709,0.0,0.0,0.0,0.0,0.0,0.0,0.0,0.0,0.0,0.0,0.0,0.0,0.19350056,0.8064994,0.8064994,0.19350056,0.025105566,0.7813939,0.21860613,-0.14398915,0.14398915,0.1330395,-0.1330395,0.0,0.0,0.0,0.0,0.0,0.0,0.0,0.0,0.0,0.0,0.0,0.0,0.0,0.0,1.4051659,0.0,0.0,0.0,0.0,0.0,0.0,10.0
108,E.Parker,pass,16,LAC,103.0,0.0,5.0,1.0,0.0,0.0,0.0,0.0,0.0,0.0,0.0,0.0,0.0,5.0,0.0,1.0,0.0,0.0,0.0,0.0,7.0,0.0,1.0,1.0,0.0,0.0,0.0,7.0,1.0,0.0,0.0,0.0,0.0,15.0,0.0,7.0,5.0,1.0,0.16666695,0.09801247,0.0025046582,0.17443798,0.2341149,0.0027832792,0.32147974,0.0,0.0,1.438157,1.5069449,-10.938167,10.938167,2.1666806,-2.1666806,-12.451752,12.451752,0.0,0.0,0.0,0.0,0.0,0.0,0.0,0.0,0.0,0.0,0.0,0.0,0.68208176,0.31791824,0.31791824,0.68208176,0.039745122,0.27817312,0.7218269,0.1035722,-0.1035722,-0.37462565,0.37462565,0.0,0.0,0.0,0.0,0.0,0.0,0.0,0.0,0.0,0.0,0.0,0.0,0.0,0.0,1.5069449,0.0,0.0,0.0,0.0,0.0,0.0,9.714286
109,K.Osgood,pass,16,LAC,43.0,0.0,2.0,0.0,0.0,0.0,0.0,0.0,0.0,0.0,0.0,0.0,0.0,2.0,0.0,0.0,0.0,0.0,0.0,0.0,2.0,0.0,0.0,0.0,0.0,0.0,0.0,2.0,0.0,0.0,0.0,0.0,0.0,0.0,0.0,2.0,2.0,1.0,0.04128876,0.084627345,0.0021482827,0.14928395,0.32977855,0.0020508887,0.39082217,0.0,0.0,2.4260263,1.7549157,-12.268642,12.268642,3.9214969,-3.9214969,-15.270077,15.270077,0.0,0.0,0.0,0.0,0.0,0.0,0.0,0.0,0.0,0.0,0.0,0.0,0.71797115,0.28202885,0.28202885,0.71797115,0.05102977,0.23099908,0.7690009,0.10638488,-0.10638488,-0.42428327,0.42428327,0.0,0.0,0.0,0.0,0.0,0.0,0.0,0.0,0.0,0.0,0.0,0.0,0.0,0.0,1.7549157,0.0,0.0,0.0,0.0,0.0,0.0,9.0
110,A.Gates,pass,16,LAC,49.0,0.0,3.0,0.0,3.0,0.0,0.0,0.0,0.0,0.0,0.0,0.0,0.0,5.0,0.0,0.0,0.0,0.0,0.0,0.0,7.0,0.0,1.0,1.0,0.0,0.0,0.0,7.0,1.0,0.0,0.0,0.0,0.0,0.0,0.0,6.0,3.0,0.0,0.090024926,0.08217036,0.0017877084,0.14501533,0.31750205,0.0037378569,0.35976177,0.0,0.0,2.2131205,1.149049,-15.067385,15.067385,4.0474463,-4.0474463,-18.480639,18.480639,0.0,0.0,0.0,0.0,0.0,0.0,0.0,0.0,0.0,0.0,0.0,0.0,0.82845706,0.17154296,0.17154296,0.82845706,0.015009945,0.156533,0.84346706,0.092949525,-0.092949525,-0.478144,0.478144,0.0,0.0,0.0,0.0,0.0,0.0,0.0,0.0,0.0,0.0,0.0,0.0,0.0,0.0,1.149049,0.0,0.0,0.0,0.0,0.0,0.0,8.857142
111,L.Tomlinson,pass,16,LAC,95.0,0.0,2.0,0.0,1.0,1.0,0.0,0.0,0.0,0.0,0.0,0.0,0.0,4.0,0.0,0.0,0.0,0.0,0.0,0.0,5.0,0.0,1.0,1.0,0.0,0.0,0.0,5.0,0.0,0.0,0.0,0.0,0.0,0.0,0.0,3.0,2.0,0.0,0.031279314,0.15262027,0.003859051,0.28031796,0.20462283,0.0042673587,0.32303318,0.0,0.0,0.45583087,1.3059946,-6.8527613,6.8527613,2.0125284,-2.0125284,-8.833899,8.833899,0.0,0.0,0.0,0.0,0.0,0.0,0.0,0.0,0.0,0.0,0.0,0.0,0.59402347,0.40597653,0.40597653,0.59402347,0.03496347,0.37101308,0.62898695,0.046072356,-0.046072356,-0.23017356,0.23017356,0.0,0.0,0.0,0.0,0.0,0.0,0.0,0.0,0.0,0.0,0.0,0.0,0.0,0.0,1.3059946,0.0,0.0,0.0,0.0,0.0,0.0,8.8
112,J.Putzier,pass,17,DEN,67.0,0.0,3.0,0.0,0.0,0.0,0.0,0.0,0.0,0.0,0.0,0.0,0.0,1.0,0.0,0.0,0.0,0.0,0.0,0.0,3.0,0.0,0.0,0.0,0.0,0.0,0.0,3.0,1.0,0.0,0.0,0.0,0.0,0.0,0.0,3.0,3.0,1.0,0.07362465,0.1141929,0.0017928844,0.17914836,0.24547394,0.0063146367,0.37945262,0.0,0.0,1.8050165,1.8602201,5.825708,-5.825708,1.3437296,-1.3437296,6.3493633,-6.3493633,0.0,0.0,0.0,0.0,0.0,0.0,0.0,0.0,0.0,0.0,0.0,0.0,0.7036632,0.29633686,0.7036632,0.29633686,0.04472949,0.74839264,0.25160736,-0.017748296,0.017748296,0.278828,-0.278828,0.0,0.0,0.0,0.0,0.0,0.0,0.0,0.0,0.0,0.0,0.0,0.0,0.0,0.0,1.8602201,0.0,0.0,0.0,0.0,0.0,0.0,10.333333
113,R.Smith,pass,17,DEN,76.0,0.0,4.0,0.0,1.0,0.0,0.0,0.0,0.0,0.0,0.0,0.0,0.0,4.0,0.0,0.0,0.0,0.0,0.0,0.0,6.0,0.0,0.0,0.0,0.0,0.0,0.0,6.0,1.0,0.0,0.0,0.0,0.0,0.0,0.0,6.0,4.0,2.0,0.039415296,0.1397468,0.004077868,0.21718001,0.23589508,0.0047149006,0.35897005,0.0,0.0,1.2822491,1.1249274,1.5585523,-1.5585523,1.6668946,-1.6668946,0.3730131,-0.3730131,0.0,0.0,0.0,0.0,0.0,0.0,0.0,0.0,0.0,0.0,0.0,0.0,0.5916477,0.40835235,0.5916477,0.40835235,0.029587472,0.62123513,0.37876487,0.009855415,-0.009855415,0.09260759,-0.09260759,0.0,0.0,0.0,0.0,0.0,0.0,0.0,0.0,0.0,0.0,0.0,0.0,0.0,0.0,1.1249274,0.0,0.0,0.0,0.0,0.0,0.0,10.166667
114,D.Carswell,pass,17,DEN,9.0,0.0,0.0,0.0,0.0,0.0,0.0,0.0,0.0,0.0,0.0,0.0,0.0,1.0,0.0,0.0,0.0,0.0,0.0,0.0,1.0,0.0,0.0,0.0,0.0,0.0,0.0,1.0,0.0,0.0,0.0,0.0,0.0,0.0,0.0,1.0,0.0,0.0,0.44526252,0.081604645,0.0010133958,0.13174102,0.12520328,0.0038627638,0.21131235,0.0,0.0,0.693494,0.6289264,3.7444441,-3.7444441,0.15753478,-0.15753478,5.6963124,-5.6963124,0.0,0.0,0.0,0.0,0.0,0.0,0.0,0.0,0.0,0.0,0.0,0.0,0.7300994,0.26990062,0.7300994,0.26990062,0.024310112,0.7544095,0.24559051,-0.021443456,0.021443456,0.28170368,-0.28170368,0.0,0.0,0.0,0.0,0.0,0.0,0.0,0.0,0.0,0.0,0.0,0.0,0.0,0.0,0.6289264,0.0,0.0,0.0,0.0,0.0,0.0,10.0
115,T.Bell,pass,17,DEN,16.0,0.0,1.0,0.0,0.0,1.0,0.0,0.0,0.0,0.0,0.0,0.0,0.0,1.0,0.0,0.0,0.0,0.0,0.0,0.0,2.0,0.0,0.0,0.0,0.0,0.0,0.0,2.0,1.0,0.0,0.0,0.0,0.0,0.0,0.0,1.0,1.0,0.0,0.04098888,0.08381455,0.0011171112,0.12874512,0.39134467,0.003909218,0.35008043,0.0,0.0,2.477522,-0.3245421,7.6343913,-7.6343913,3.744195,-3.744195,4.8114243,-4.8114243,0.0,0.0,0.0,0.0,0.0,0.0,0.0,0.0,0.0,0.0,0.0,0.0,0.78880215,0.21119788,0.78880215,0.21119788,0.0060905814,0.79489267,0.2051073,0.04039114,-0.04039114,0.25444978,-0.25444978,0.0,0.0,0.0,0.0,0.0,0.0,0.0,0.0,0.0,0.0,0.0,0.0,0.0,0.0,-0.3245421,0.0,0.0,0.0,0.0,0.0,0.0,8.5
116,A.Lelie,pass,17,DEN,70.0,0.0,3.0,0.0,2.0,0.0,0.0,0.0,0.0,0.0,0.0,0.0,0.0,2.0,0.0,0.0,0.0,0.0,0.0,0.0,3.0,0.0,1.0,1.0,0.0,0.0,0.0,3.0,0.0,0.0,0.0,0.0,0.0,0.0,0.0,3.0,3.0,2.0,0.074134685,0.099976026,0.0012808916,0.16191222,0.2700286,0.0070915003,0.3855761,0.0,0.0,2.087426,2.5422318,6.737902,-6.737902,1.9617763,-1.9617763,5.2960687,-5.2960687,0.0,0.0,0.0,0.0,0.0,0.0,0.0,0.0,0.0,0.0,0.0,0.0,0.7037069,0.2962931,0.7037069,0.2962931,0.05740692,0.7611138,0.23888618,0.01839371,-0.01839371,0.22392231,-0.22392231,0.0,0.0,0.0,0.0,0.0,0.0,0.0,0.0,0.0,0.0,0.0,0.0,0.0,0.0,2.5422318,0.0,0.0,0.0,0.0,0.0,0.0,6.0
117,P.Hape,pass,17,DEN,8.0,0.0,1.0,0.0,1.0,0.0,0.0,0.0,0.0,0.0,0.0,0.0,0.0,1.0,0.0,0.0,0.0,0.0,0.0,0.0,2.0,0.0,1.0,1.0,0.0,0.0,0.0,2.0,0.0,0.0,0.0,0.0,0.0,0.0,0.0,2.0,1.0,0.0,0.032479446,0.012122827,0.0004329377,0.024100203,0.35026973,0.0020772028,0.5785177,0.0,0.0,4.8986516,1.278611,9.8132305,-9.8132305,3.1863546,-3.1863546,7.9765882,-7.9765882,0.0,0.0,0.0,0.0,0.0,0.0,0.0,0.0,0.0,0.0,0.0,0.0,0.8207774,0.17922258,0.8207774,0.17922258,0.018155094,0.8389325,0.16106749,0.037148744,-0.037148744,0.30783367,-0.30783367,0.0,0.0,0.0,0.0,0.0,0.0,0.0,0.0,0.0,0.0,0.0,0.0,0.0,0.0,1.278611,0.0,0.0,0.0,0.0,0.0,0.0,6.0
118,D.Carswell,pass,18,DEN,15.0,0.0,1.0,0.0,1.0,0.0,0.0,0.0,0.0,0.0,0.0,0.0,0.0,0.0,0.0,0.0,0.0,0.0,0.0,0.0,1.0,0.0,0.0,0.0,0.0,0.0,0.0,1.0,1.0,0.0,0.0,0.0,0.0,0.0,0.0,1.0,1.0,0.0,0.043295354,0.14895684,0.0033799845,0.26764554,0.20179084,0.0040342007,0.3308972,0.0,0.0,0.60257214,1.3091534,21.947672,-21.947672,2.2556999,-2.2556999,16.104034,-16.104034,0.0,0.0,0.0,0.0,0.0,0.0,0.0,0.0,0.0,0.0,0.0,0.0,0.004423888,0.9955761,0.9955761,0.004423888,0.0008415552,0.9947346,0.005265443,0.04549629,-0.04549629,0.32872322,-0.32872322,0.0,0.0,0.0,0.0,0.0,0.0,0.0,0.0,0.0,0.0,0.0,0.0,0.0,0.0,1.3091534,0.0,0.0,0.0,0.0,0.0,0.0,1.0
119,R.Smith,pass,18,DEN,99.0,0.0,6.0,0.0,1.0,0.0,0.0,0.0,0.0,0.0,0.0,0.0,0.0,1.0,0.0,0.0,0.0,0.0,0.0,0.0,7.0,0.0,1.0,1.0,0.0,0.0,0.0,7.0,5.0,0.0,0.0,0.0,0.0,0.0,0.0,7.0,6.0,0.0,0.15148507,0.07350336,0.0019133983,0.11709733,0.30244437,0.0023438013,0.35121268,0.0,0.0,2.326491,1.2582132,22.689465,-22.689465,3.5128224,-3.5128224,16.589321,-16.589321,0.0,0.0,0.0,0.0,0.0,0.0,0.0,0.0,0.0,0.0,0.0,0.0,0.022254786,0.9777452,0.9777452,0.022254786,0.0038294066,0.97391576,0.026084194,0.040072147,-0.040072147,0.31935343,-0.31935343,0.0,0.0,0.0,0.0,0.0,0.0,0.0,0.0,0.0,0.0,0.0,0.0,0.0,0.0,1.2582132,0.0,0.0,0.0,0.0,0.0,0.0,7.714286
120,A.Lelie,pass,18,DEN,27.0,0.0,1.0,0.0,0.0,0.0,0.0,0.0,0.0,0.0,0.0,0.0,0.0,2.0,0.0,0.0,0.0,0.0,0.0,0.0,2.0,0.0,0.0,0.0,0.0,0.0,0.0,2.0,0.0,0.0,0.0,0.0,0.0,0.0,0.0,2.0,1.0,0.0,0.016096085,0.1791864,0.008424798,0.31562403,0.17378947,0.0037452378,0.30313396,0.0,0.0,-0.11298047,0.8096362,10.689483,-10.689483,1.0166458,-1.0166458,7.8115125,-7.8115125,0.0,0.0,0.0,0.0,0.0,0.0,0.0,0.0,0.0,0.0,0.0,0.0,0.24433713,0.75566286,0.75566286,0.24433713,0.019641772,0.7360211,0.2639789,0.008747086,-0.008747086,0.13923134,-0.13923134,0.0,0.0,0.0,0.0,0.0,0.0,0.0,0.0,0.0,0.0,0.0,0.0,0.0,0.0,0.8096362,0.0,0.0,0.0,0.0,0.0,0.0,10.0
121,J.Putzier,pass,18,DEN,67.0,0.0,3.0,0.0,1.0,0.0,1.0,0.0,0.0,0.0,0.0,0.0,0.0,1.0,0.0,0.0,0.0,0.0,0.0,0.0,3.0,0.0,1.0,1.0,0.0,0.0,0.0,3.0,1.0,0.0,0.0,0.0,0.0,0.0,0.0,3.0,3.0,0.0,0.049692035,0.059910644,0.0010828002,0.12406608,0.47596323,0.0022430506,0.28704217,0.0,0.0,2.391311,3.4296045,17.484945,-17.484945,1.856568,-1.856568,13.199016,-13.199016,0.0,0.0,0.0,0.0,0.0,0.0,0.0,0.0,0.0,0.0,0.0,0.0,0.0019400791,0.9980599,0.9980599,0.0019400791,0.002729101,0.9953308,0.0046691806,0.043823402,-0.043823402,0.33188128,-0.33188128,0.0,0.0,0.0,0.0,0.0,0.0,0.0,0.0,0.0,0.0,0.0,0.0,0.0,0.0,3.4296045,0.0,0.0,0.0,0.0,0.0,0.0,5.0
122,T.Bell,pass,18,DEN,32.0,0.0,1.0,0.0,0.0,1.0,0.0,0.0,0.0,0.0,0.0,0.0,0.0,3.0,0.0,0.0,0.0,0.0,0.0,0.0,4.0,0.0,0.0,0.0,0.0,0.0,0.0,4.0,1.0,0.0,0.0,0.0,0.0,0.0,0.0,2.0,1.0,0.0,0.43704873,0.056513436,0.0012037099,0.090207145,0.185298,0.0015167432,0.22821227,0.0,0.0,1.3530155,0.052868806,21.95978,-21.95978,2.765815,-2.765815,16.103176,-16.103176,0.0,0.0,0.0,0.0,0.0,0.0,0.0,0.0,0.0,0.0,0.0,0.0,0.004352019,0.995648,0.995648,0.004352019,0.00016637519,0.9954816,0.0045183944,0.042240337,-0.042240337,0.3345446,-0.3345446,0.0,0.0,0.0,0.0,0.0,0.0,0.0,0.0,0.0,0.0,0.0,0.0,0.0,0.0,0.052868806,0.0,0.0,0.0,0.0,0.0,0.0,12.75
123,P.Hape,pass,18,DEN,8.0,0.0,0.0,0.0,0.0,0.0,0.0,0.0,0.0,0.0,0.0,0.0,0.0,1.0,0.0,0.0,0.0,0.0,0.0,0.0,2.0,0.0,0.0,0.0,0.0,0.0,0.0,2.0,1.0,0.0,0.0,0.0,0.0,0.0,0.0,1.0,0.0,0.0,0.12950344,0.12609585,0.0036745085,0.22371955,0.19490469,0.002893382,0.3192086,0.0,0.0,0.87328756,-0.06617804,21.713482,-21.713482,2.6804357,-2.6804357,16.116386,-16.116386,0.0,0.0,0.0,0.0,0.0,0.0,0.0,0.0,0.0,0.0,0.0,0.0,0.036909807,0.9630902,0.9630902,0.036909807,-0.0014286926,0.9645189,0.035481114,0.040741682,-0.040741682,0.31692797,-0.31692797,0.0,0.0,0.0,0.0,0.0,0.0,0.0,0.0,0.0,0.0,0.0,0.0,0.0,0.0,-0.06617804,0.0,0.0,0.0,0.0,0.0,0.0,10.0
124,R.Droughns,pass,18,DEN,28.0,0.0,1.0,0.0,0.0,0.0,0.0,0.0,0.0,0.0,0.0,0.0,0.0,2.0,0.0,0.0,0.0,0.0,0.0,0.0,4.0,0.0,0.0,0.0,0.0,0.0,0.0,4.0,2.0,0.0,0.0,0.0,0.0,0.0,0.0,4.0,1.0,0.0,0.035380468,0.12651575,0.0038287058,0.22931968,0.23988263,0.003699606,0.36137316,0.0,0.0,1.2642168,0.6039846,21.430674,-21.430674,2.8576143,-2.8576143,15.617136,-15.617136,0.0,0.0,0.0,0.0,0.0,0.0,0.0,0.0,0.0,0.0,0.0,0.0,0.040753573,0.9592464,0.9592464,0.040753573,0.0029764255,0.95627,0.04373,0.03830238,-0.03830238,0.3022951,-0.3022951,0.0,0.0,0.0,0.0,0.0,0.0,0.0,0.0,0.0,0.0,0.0,0.0,0.0,0.0,0.6039846,0.0,0.0,0.0,0.0,0.0,0.0,8.75
125,D.Watts,pass,18,DEN,8.0,0.0,1.0,0.0,0.0,0.0,0.0,0.0,0.0,0.0,0.0,0.0,0.0,1.0,0.0,0.0,0.0,0.0,0.0,0.0,1.0,0.0,0.0,0.0,0.0,0.0,0.0,1.0,0.0,0.0,0.0,0.0,0.0,0.0,0.0,1.0,1.0,0.0,0.040649846,0.091855764,0.0017316017,0.19244756,0.26033777,0.0045133163,0.4084642,0.0,0.0,2.023126,0.85014087,20.98613,-20.98613,2.2556999,-2.2556999,15.142494,-15.142494,0.0,0.0,0.0,0.0,0.0,0.0,0.0,0.0,0.0,0.0,0.0,0.0,0.005644124,0.99435586,0.99435586,0.005644124,-0.00026182085,0.9946177,0.005382303,0.04549629,-0.04549629,0.32860637,-0.32860637,0.0,0.0,0.0,0.0,0.0,0.0,0.0,0.0,0.0,0.0,0.0,0.0,0.0,0.0,0.85014087,0.0,0.0,0.0,0.0,0.0,0.0,5.0
126,K.Faulk,pass,19,NE,11.0,0.0,1.0,0.0,1.0,0.0,0.0,0.0,0.0,0.0,0.0,0.0,0.0,1.0,0.0,0.0,0.0,0.0,0.0,0.0,1.0,0.0,0.0,0.0,0.0,0.0,0.0,1.0,0.0,0.0,0.0,0.0,0.0,0.0,0.0,1.0,1.0,0.0,0.08164155,0.24192333,0.021132544,0.32221562,0.13346621,0.0012092676,0.19841146,0.0,0.0,-1.2318469,1.7687827,10.163182,-10.163182,6.3907433,-6.3907433,4.8415594,-4.8415594,0.0,0.0,0.0,0.0,0.0,0.0,0.0,0.0,0.0,0.0,0.0,0.0,0.862491,0.13750899,0.862491,0.13750899,0.042135,0.904626,0.09537399,0.18634734,-0.18634734,0.00020304529,-0.00020304529,0.0,0.0,0.0,0.0,0.0,0.0,0.0,0.0,0.0,0.0,0.0,0.0,0.0,0.0,1.7687827,0.0,0.0,0.0,0.0,0.0,0.0,10.0
127,D.Givens,pass,19,NE,26.0,0.0,2.0,0.0,2.0,2.0,0.0,0.0,0.0,0.0,0.0,0.0,0.0,2.0,0.0,0.0,0.0,0.0,0.0,0.0,4.0,0.0,1.0,1.0,0.0,0.0,0.0,4.0,1.0,0.0,0.0,0.0,0.0,0.0,0.0,2.0,2.0,0.0,0.026238319,0.06662929,0.0009651626,0.10768386,0.4312702,0.002535564,0.3646776,0.0,0.0,2.89602,0.6443836,4.8809223,-4.8809223,2.907939,-2.907939,2.457775,-2.457775,0.0,0.0,0.0,0.0,0.0,0.0,0.0,0.0,0.0,0.0,0.0,0.0,0.70035785,0.29964215,0.70035785,0.29964215,0.015319609,0.7156775,0.28432253,0.065662295,-0.065662295,0.04047615,-0.04047615,0.0,0.0,0.0,0.0,0.0,0.0,0.0,0.0,0.0,0.0,0.0,0.0,0.0,0.0,0.6443836,0.0,0.0,0.0,0.0,0.0,0.0,8.0
128,D.Patten,pass,19,NE,12.0,0.0,1.0,0.0,1.0,0.0,0.0,0.0,0.0,0.0,0.0,0.0,0.0,0.0,0.0,0.0,0.0,0.0,0.0,0.0,1.0,0.0,0.0,0.0,0.0,0.0,0.0,1.0,1.0,0.0,0.0,0.0,0.0,0.0,0.0,1.0,1.0,1.0,0.056992915,0.11440241,0.0015137115,0.18482187,0.23774704,0.0049092383,0.39961284,0.0,0.0,1.8803617,1.6443338,3.3850112,-3.3850112,1.7577914,-1.7577914,1.4200008,-1.4200008,0.0,0.0,0.0,0.0,0.0,0.0,0.0,0.0,0.0,0.0,0.0,0.0,0.60745496,0.39254504,0.60745496,0.39254504,0.0794608,0.68691576,0.31308424,0.038069576,-0.038069576,0.06020069,-0.06020069,0.0,0.0,0.0,0.0,0.0,0.0,0.0,0.0,0.0,0.0,0.0,0.0,0.0,0.0,1.6443338,0.0,0.0,0.0,0.0,0.0,0.0,5.0
129,P.Pass,pass,19,NE,14.0,0.0,1.0,0.0,1.0,0.0,0.0,0.0,0.0,0.0,0.0,0.0,0.0,0.0,0.0,0.0,0.0,0.0,0.0,0.0,1.0,0.0,0.0,0.0,0.0,0.0,0.0,1.0,1.0,0.0,0.0,0.0,0.0,0.0,0.0,1.0,1.0,0.0,0.022535862,0.09108876,0.0014112275,0.15794979,0.28175974,0.0051371227,0.4401175,0.0,0.0,2.5546389,1.8281459,6.994546,-6.994546,5.81701,-5.81701,0.49479926,-0.49479926,0.0,0.0,0.0,0.0,0.0,0.0,0.0,0.0,0.0,0.0,0.0,0.0,0.7653329,0.23466712,0.7653329,0.23466712,0.026968777,0.79230165,0.20769835,0.1616652,-0.1616652,-0.09901449,0.09901449,0.0,0.0,0.0,0.0,0.0,0.0,0.0,0.0,0.0,0.0,0.0,0.0,0.0,0.0,1.8281459,0.0,0.0,0.0,0.0,0.0,0.0,3.0
130,C.Fauria,pass,19,NE,17.0,0.0,1.0,0.0,0.0,0.0,0.0,0.0,0.0,0.0,0.0,0.0,0.0,1.0,0.0,0.0,0.0,0.0,0.0,0.0,1.0,0.0,0.0,0.0,0.0,0.0,0.0,1.0,0.0,0.0,0.0,0.0,0.0,0.0,0.0,1.0,1.0,0.0,0.015781999,0.22577168,0.016344242,0.30780366,0.17037836,0.0028615037,0.2610585,0.0,0.0,-0.5203615,2.067454,4.158854,-4.158854,4.243298,-4.243298,-0.7671806,0.7671806,0.0,0.0,0.0,0.0,0.0,0.0,0.0,0.0,0.0,0.0,0.0,0.0,0.66876805,0.33123195,0.66876805,0.33123195,0.038981438,0.7077495,0.2922505,0.082677186,-0.082677186,-0.104578644,0.104578644,0.0,0.0,0.0,0.0,0.0,0.0,0.0,0.0,0.0,0.0,0.0,0.0,0.0,0.0,2.067454,0.0,0.0,0.0,0.0,0.0,0.0,11.0
131,C.Dillon,pass,19,NE,17.0,0.0,0.0,0.0,0.0,0.0,0.0,0.0,0.0,0.0,0.0,0.0,0.0,3.0,0.0,0.0,0.0,0.0,0.0,0.0,5.0,0.0,0.0,0.0,0.0,0.0,0.0,5.0,2.0,0.0,0.0,0.0,0.0,0.0,0.0,1.0,0.0,0.0,0.032732762,0.103827536,0.0016391396,0.16020918,0.27144065,0.005212286,0.42493844,0.0,0.0,2.3630905,-0.32223862,4.404643,-4.404643,2.307174,-2.307174,1.7768825,-1.7768825,0.0,0.0,0.0,0.0,0.0,0.0,0.0,0.0,0.0,0.0,0.0,0.0,0.7084341,0.2915659,0.7084341,0.2915659,-0.012442708,0.6959914,0.30400863,0.05238519,-0.05238519,0.00014163888,-0.00014163888,0.0,0.0,0.0,0.0,0.0,0.0,0.0,0.0,0.0,0.0,0.0,0.0,0.0,0.0,-0.32223862,0.0,0.0,0.0,0.0,0.0,0.0,10.2
132,D.Branch,pass,19,NE,15.0,0.0,1.0,0.0,0.0,0.0,0.0,0.0,0.0,0.0,0.0,0.0,0.0,1.0,0.0,0.0,0.0,0.0,0.0,0.0,1.0,0.0,0.0,0.0,0.0,0.0,0.0,1.0,0.0,0.0,0.0,0.0,0.0,0.0,0.0,1.0,1.0,1.0,0.01042898,0.14824146,0.00279939,0.2165318,0.23401392,0.004280665,0.38370374,0.0,0.0,1.4304835,0.8522601,2.1430593,-2.1430593,0.46382424,-0.46382424,2.0589712,-2.0589712,0.0,0.0,0.0,0.0,0.0,0.0,0.0,0.0,0.0,0.0,0.0,0.0,0.6126971,0.38730288,0.6126971,0.38730288,0.027748048,0.6404452,0.35955483,0.018758655,-0.018758655,0.03564492,-0.03564492,0.0,0.0,0.0,0.0,0.0,0.0,0.0,0.0,0.0,0.0,0.0,0.0,0.0,0.0,0.8522601,0.0,0.0,0.0,0.0,0.0,0.0,10.0
133,D.Graham,pass,19,NE,10.0,0.0,1.0,0.0,0.0,0.0,0.0,0.0,0.0,0.0,0.0,0.0,0.0,1.0,0.0,0.0,0.0,0.0,0.0,0.0,1.0,0.0,0.0,0.0,0.0,0.0,0.0,1.0,0.0,0.0,0.0,0.0,0.0,0.0,0.0,1.0,1.0,0.0,0.10193507,0.1720721,0.0040454385,0.2614697,0.17986183,0.0027565204,0.27785933,0.0,0.0,0.13551882,1.2745914,11.036357,-11.036357,5.9893265,-5.9893265,6.116151,-6.116151,0.0,0.0,0.0,0.0,0.0,0.0,0.0,0.0,0.0,0.0,0.0,0.0,0.891242,0.10875797,0.891242,0.10875797,0.016457498,0.9076995,0.092300475,0.17296335,-0.17296335,0.016660543,-0.016660543,0.0,0.0,0.0,0.0,0.0,0.0,0.0,0.0,0.0,0.0,0.0,0.0,0.0,0.0,1.2745914,0.0,0.0,0.0,0.0,0.0,0.0,8.0
134,T.Brown,pass,19,NE,13.0,0.0,1.0,0.0,0.0,0.0,0.0,0.0,0.0,0.0,0.0,0.0,0.0,1.0,0.0,0.0,0.0,0.0,0.0,0.0,2.0,0.0,0.0,0.0,0.0,0.0,0.0,2.0,1.0,0.0,0.0,0.0,0.0,0.0,0.0,1.0,1.0,0.0,0.03714937,0.056414016,0.0012530201,0.088645466,0.30963612,0.003389928,0.5035121,0.0,0.0,3.6680064,0.19636196,3.724684,-3.724684,1.7577914,-1.7577914,1.7596736,-1.7596736,0.0,0.0,0.0,0.0,0.0,0.0,0.0,0.0,0.0,0.0,0.0,0.0,0.6828252,0.3171748,0.6828252,0.3171748,-0.00041401386,0.6824112,0.3175888,0.038069576,-0.038069576,0.05569613,-0.05569613,0.0,0.0,0.0,0.0,0.0,0.0,0.0,0.0,0.0,0.0,0.0,0.0,0.0,0.0,0.19636196,0.0,0.0,0.0,0.0,0.0,0.0,9.0
135,B.Johnson,pass,19,NE,9.0,0.0,0.0,0.0,0.0,0.0,0.0,0.0,0.0,0.0,0.0,0.0,0.0,1.0,0.0,0.0,0.0,0.0,0.0,0.0,1.0,0.0,0.0,0.0,0.0,0.0,0.0,1.0,0.0,0.0,0.0,0.0,0.0,0.0,0.0,1.0,0.0,0.0,0.019190697,0.030462176,0.000560595,0.044740427,0.3759592,0.0011195024,0.52796745,0.0,0.0,4.420198,0.75440276,5.0349164,-5.0349164,1.7577914,-1.7577914,3.069906,-3.069906,0.0,0.0,0.0,0.0,0.0,0.0,0.0,0.0,0.0,0.0,0.0,0.0,0.704572,0.29542798,0.704572,0.29542798,0.019185185,0.7237572,0.2762428,0.038069576,-0.038069576,0.09704214,-0.09704214,0.0,0.0,0.0,0.0,0.0,0.0,0.0,0.0,0.0,0.0,0.0,0.0,0.0,0.0,0.75440276,0.0,0.0,0.0,0.0,0.0,0.0,10.0
